serviceTag,hostId
41BAMLY,1019961421
41BADGD,1020374903
41BAMM0,1020375178
41BA94A,1020375294
41BAB5D,1020908808
CZC452438Q,1021030359
XA136136H,1021072393
41BB5N0,1021132599
CZC4482HVF,1021339578
41L0CW2,1021524147
41L0CWB,1021532250
41L0CR5,1021669993
41L095G,1021817632
41L06VM,1021993211
41BADGK,1022027113
41BB3ZH,1022027276
41BAMRN,1022027468
41BBAY7,1022052356
41L06ND,1022068490
41L0CRG,1022069003
41L0CVL,1022069137
41L06Y1,1022352385
41L0701,1022353788
41L06LW,1022353801
41BB43H,1022405640
CZC51107FX,1022710749
41L0A0G,1022765403
41L06TN,1022770870
MJ02CM83,1022780556
41L0ADR,1022801350
41AAT66,1023429120
41L0CRR,1023444891
CZC43315DH,1023913621
41BB5R2,1023962998
41AAM61,1023963457
CZC605B23D,1024114036
41AAP87,1024399276
To Be Filled By O.E.M.,1033917348
41AAN55,1024486767
41AAM75,1024557957
41AAN26,1024629950
41AAV48,1024630355
41AAW22,1024817086
41ABT63,1025048598
41ACH58,1025125264
5E087655S,1025231307
41AMH58,1025253376
41L043H,1025420830
41AGC30,1025536011
41AGA62,1025599959
41CWB27,1025667840
41ATT88,1025695170
41ARK84,1025884689
41ARM69,1026057750
41AWA40,1026091005
41AWC85,1026106467
41ALV60,1026132551
41CFW30,1026133481
41CVF38,1026133926
41CGX66,1026142235
41CHF10,1026142236
41CFW50,1026142250
41AVY61,1026143162
41AVZ74,1026143228
41AWB57,1026143279
41CFV60,1026143345
41AWB68,1026143558
41CFW90,1026148179
41CFW27,1026148180
41AWC69,1026165021
41AWA48,1026165022
41AVY41,1026165557
41AWC68,1026165590
41AWC80,1026165654
41CFV48,1026169632
41CFV42,1026169647
41AWC44,1026171400
41AVZ80,1034253231
41CKZ25,1026186265
41AWA25,1026186407
41AWC24,1026186426
41CLF14,1026210598
41CHC02,1026219022
41CGH50,1026219735
41CFV63,1026229035
41CGZ25,1026234428
41CHG28,1026234725
41CFX12,1026234859
41CGV63,1026239678
41CFW57,1026244651
41CFV92,1026263873
41CKW79,1026274963
41CHT99,1026300567
41CKW71,1034871510
41CKX50,1026300569
41CHT12,1026311571
41VPDER,1033670401
41CHT75,1026365200
41CKX80,1026374631
41CMT55,1026445893
41CGH47,1026498788
CZC2437KH0,1026502343
41CML82,1026509119
41CMT60,1026512356
41CMT23,1026514033
41CKX18,1026529765
41CMM03,1026530255
41CMF09,1026544464
41CMD65,1026545971
41CMD48,1026546187
41CMD62,1026546195
41CMD58,1026567028
41CMD84,1026567545
41CLN05,1026576646
41CLN14,1026617074
41CLN24,1026617075
41CLN21,1026627982
41CMT00,1026639033
41CMR68,1026639298
41CLM96,1026639352
41CXK70,1026644202
41CKX74,1026654807
System Serial Number,1034793069
41CMD83,1026672376
41CMH61,1026683503
41CMM21,1026695466
41CMM30,1026709545
41CLM94,1026709580
41CMP85,1026713333
41CMG10,1026713394
41CRB27,1026721540
41CLN04,1026737041
41CMM27,1026752149
41CMP77,1026752282
41CMD26,1026754080
41CMM22,1026757682
41CMF77,1026758183
41CRB68,1026758218
41CMH60,1026774700
41CMF52,1026774760
CZC4022HGK,1026778150
41CRB82,1026784474
41CMH71,1026800028
41CPW04,1026801179
41CKW72,1026804113
41CMM31,1026805305
41CLN28,1026805791
41CMP87,1026805818
41CPW44,1026809286
41CMF34,1026814618
41CMM14,1026815098
41CLN31,1026815303
41CMF06,1026815338
41CPW11,1026826538
41CMD22,1026835968
41CRB30,1026839311
41CMD94,1026853394
41CRC38,1026858210
41CRB11,1026862077
41CMG08,1026876523
41CRA92,1026876524
41CRB95,1026876529
41CRB40,1026876757
41CPX01,1026876855
41CLN00,1026881431
41CLN17,1026885769
41CRA93,1026886837
41CFW04,1026891839
41CRA54,1026905668
41CRB21,1026922567
41CMF98,1026928155
41CPW99,1026928159
41CNV84,1026932445
41CNV48,1026932823
41CNV54,1026938711
41CNV56,1026938720
41CNV93,1026947751
41CLN19,1026947789
41CRC18,1026948352
41CNV42,1026956013
41CRB36,1026960779
41CRB28,1026972137
41CLN23,1026975952
41CNK36,1026976520
41CNK45,1026976527
41CNK64,1026976540
41CMM25,1026976818
41CMM32,1026976998
41CMM15,1026977360
41CPV86,1026996224
41CPW70,1026996225
41CRB04,1027000318
41CRB02,1027000521
41CNK37,1027004728
41CNV83,1027005552
41CRB87,1027009802
41CRB83,1027009858
41CRC39,1027041845
41CPW60,1027042959
41CFV94,1027053439
41CTX25,1027053729
41CTX11,1027053737
41CTX08,1027053768
41CPV70,1027060643
41CNK63,1027061699
41CNK46,1027061746
41CLM95,1027070241
41CML92,1027076772
41CTY07,1027077018
41CTR29,1027082228
41CTV20,1027092706
XE031587H,1027095923
9E074320H,1027102511
41CTT55,1027129346
41CTT62,1027144642
41CLN89,1027144907
41CTV03,1027145503
41CVW36,1027145816
41CTX24,1027156187
41CTR50,1027161252
41CTT71,1027166641
41CTT57,1027166642
41CTV13,1027173875
41CTT48,1027186178
41CTT69,1027186182
41CTV16,1027216788
41CTT05,1027236556
41CWP04,1027252580
41CWB32,1027252634
41CTT44,1027258455
41CTT60,1027258458
41CTT36,1027260245
41CTR81,1027265968
41CTT47,1027280548
41CTR59,1027280705
41CTT74,1027280877
41CTT54,1027285803
41CWB02,1027285820
41CWB01,1027285822
41CWC05,1027286959
NA,1032436633
41CWB83,1027291252
561YZS2,1027291328
41CWN80,1027312609
41CMT58,1027316852
41BAVXT,1027317192
41CTT90,1027328890
41CWN72,1027331998
41CWN41,1027332046
41CWB91,1027332048
41BAMMH,1027332252
41CWC28,1027341327
41CPW24,1027351890
41CWN66,1027367158
41CWP52,1027367164
41CWB69,1027388082
41CWB45,1027391086
41CWB60,1027391105
41CWB48,1027391493
41CWN53,1027391661
41CWN36,1027409361
41CWB81,1027409802
41CWB71,1027411159
41CTR34,1027426880
41CWM31,1027427504
41CWP74,1027432655
41CWB93,1027435433
41CWB58,1027435434
41CWP18,1027441404
41CWB55,1027452091
41CWB44,1027452093
41CWP48,1027460709
41CWP11,1027460737
41CWB94,1027460752
41CWP40,1027465186
41CWB09,1027469540
41CKZ83,1027469542
41CWM55,1027476345
41CWB06,1027476947
41CWB43,1027477630
41CWM67,1027480424
41CWR06,1027486358
41CWC10,1027507458
41CWC13,1027510269
41CWN20,1027510350
41CWP29,1027510352
41CWP30,1027510354
41CWB67,1027511817
41CWB30,1027514881
41CWP98,1027514995
41CWB57,1027525426
41CWB37,1027525427
41CWC29,1027550182
41CWB31,1027550525
41CWC38,1027553935
41CWN47,1027558781
41CWB72,1027559671
41CWB26,1027564900
41CWB05,1027578613
41CWA89,1027579445
41CWC16,1027579453
41CKZ81,1027584696
41CKZ78,1027588827
41CWM25,1027588828
41CWN81,1027588844
41CGV53,1027589092
41CXK39,1027590536
41CLA02,1027604884
41CWP45,1027609169
41CWM60,1027609335
41CWN87,1027610265
41CKZ02,1027615920
41CXK61,1027625536
41CXK31,1027625547
41CWN91,1027634656
41CLA49,1027649248
41CXK63,1027649267
41CVT95,1027654041
41CXK45,1027654145
41CVK39,1027664271
41CNK41,1027664461
41CXK23,1027664749
41CVV12,1027675427
41CMP80,1027675436
41CXK62,1027684395
41CVT88,1027685111
41CTT42,1027687354
41CKY18,1027688805
41CWB16,1027689770
41CKY91,1027689883
41CVV08,1027689902
41CVK41,1027699859
41CLA26,1027700029
41CGW69,1027704084
41CKY10,1027707868
41CVK51,1027707869
41CLA07,1027708088
5E087901S,1027708985
41CVK56,1027721305
41CLA20,1027726244
41CZL69,1027727152
41CWN46,1027729838
41CZK85,1027735166
41CZH67,1027736271
41CXK56,1027736379
41CZK40,1027745695
41CTV10,1027758284
41CXK38,1027772640
41CKZ96,1027772706
41CZG88,1027782581
41CZL68,1027785942
41CZG55,1027787648
41CZL56,1027787820
41CZG28,1027798643
41CZL59,1027809256
41CZH32,1027812219
41CZK77,1027812449
41CZH61,1027813557
41CZL67,1027824097
41CZL78,1027824102
41CXH79,1027830898
41CXK57,1027830900
41CZK47,1027831231
41CZG74,1027839940
41CZH66,1027840139
41CZG48,1027866619
41CZM07,1027867703
41CZK01,1027870809
XE031658H,1027871236
41CZK92,1027871270
41CZL54,1027876556
41CZL03,1027876643
41CZL43,1027876701
41CZK86,1027876856
41CWN58,1027894997
41CWM99,1027895008
41CZH03,1027903493
41CZK98,1027903826
41CZK28,1027919870
41CWM73,1027920987
41CZK10,1027921333
41CWN77,1027957463
41CZG60,1027957609
41CZK14,1027977978
41CXG28,1034870312
41CZL13,1027977990
41CZL31,1027983672
41CWN90,1027987291
41CXH01,1027988227
41CXG46,1027993559
41CWM95,1027993561
41CWN71,1027993572
41CXK46,1028011706
41CWM89,1028021777
41CZL17,1028021996
41CWN14,1028023235
41CWP27,1028023236
41CXG79,1028033706
41CWM83,1028089767
41CMA78,1028114381
41CMA82,1028115763
41CVM71,1028119262
41CZB52,1028119419
41CZL32,1028133708
41CWN27,1028137337
41CZG58,1028147218
41CZH41,1028160052
41CZH01,1028172512
41CMT51,1028172959
41CZG32,1028181142
41CZK70,1028217767
41CZH49,1028217922
41CML75,1028218099
41CZK30,1028232816
41CRA29,1028232871
41CZG73,1028234556
41CZK27,1028239281
41CZL86,1028274264
H3MSAC006557,1028325364
41CZB28,1028326241
41CZA70,1028326337
CZC73387RL,1028354710
41CZG69,1028363762
41CZH06,1028363815
41CKY98,1028364095
41CZG70,1028368074
41CZH70,1028368120
41CZK33,1028369261
41CZK60,1028369462
41CZB19,1028375504
41CZG57,1028375611
41DAZ97,1028426915
41CZK11,1028426916
41DAD08,1028426981
41CWP62,1028495198
41CZL33,1028495255
S4JW8152,1028495818
41CWR13,1028540311
41CWP67,1028540441
41DAC75,1028561330
41CZA59,1028580216
41CZB09,1028580223
41CZA49,1028580680
41CZB20,1028594408
41CZB35,1028597613
41DAB68,1028597713
41CZB00,1028597720
41DAB70,1028597724
41CZB53,1028597745
41CZA99,1028600430
41DAB61,1028602343
41CZB03,1028602795
41CZA96,1028602808
41CZB16,1028602879
41CZB29,1028616527
41CZB57,1028619747
41DAC00,1028621316
41DAB60,1028628630
41CZL60,1028628631
41CZK93,1028636388
41DBA26,1028660034
41DBA38,1028666101
5CG9326P8T,1028729035
5CG94158SH,1028734646
41DAZ96,1028747452
41DBA51,1028751139
41CRA88,1028758247
41CNV85,1028758343
41CPW58,1028758357
41CZK32,1028763816
41DBA69,1028767597
41DBA41,1028770970
41DBB04,1028842099
41CPW20,1028890833
41CXG35,1028951859
41DAZ90,1028952540
41DAZ81,1028973047
41DAC42,1028989227
41DAC40,1029003805
41CZL44,1029020516
41CZL74,1029020517
41DAC24,1029021203
41DAZ86,1029021290
41DAC65,1029032845
41CXH48,1029036038
41CZH24,1029094890
41CXH59,1029097027
41CZG65,1029144762
CZC42828NN,1029158548
41CMT69,1029403325
41CZL76,1029430639
YL00BAYV,1029507563
41AMH71,1034773891
41DCG49,1030122391
41AAV18,1030222718
41CRB33,1030501607
41DLB77,1030514263
41DBB09,1030514268
CZC4032ZB1,1030692272
41DBA58,1030743316
41DLB56,1030791115
41DLM36,1030791527
41DLM86,1030795343
41CZG33,1030796384
41DLB84,1030812436
41DCF05,1030838644
41DAD13,1030838695
41CTR97,1030844166
41CKY44,1030847679
41CXG84,1030863786
41CWM93,1030866707
41CMR02,1030868684
41CZL71,1030872440
41DLB69,1030872926
41DAC33,1030882082
5CD7330VK0,1030892504
PB015LGN,1030895896
41CKY19,1030926127
41CKY06,1030936647
41CZL22,1030953699
41DKC03,1030953701
5CG9326L4T,1030955787
41CMH66,1030957378
41CWC02,1030957492
41DAC04,1030958602
PF2JZ8QN,1030959023
41CTR75,1030970360
8CC0501CX9,1030974958
41CWP89,1030980957
41CTR41,1030981496
41CWN63,1030981497
CZC5281BLH,1030989813
41CKY34,1030996218
41CWM94,1030998620
CZC73387PW,1031006081
41CWC20,1031006169
41BAMT6,1031023487
41DCF70,1031052752
41CFX28,1031062159
41CTX57,1031063020
41DLB11,1031074836
5CD6166JJ4,1031092242
41CMH67,1031093261
41CMM17,1031100287
41CZH73,1031110000
5CD6096MBP,1031110889
41CMR42,1031117993
41CYV74,1034114665
41CMT71,1031178263
PF103LJM,1031178487
R9114K40,1031204265
R9114K3E,1031204270
CZC9377ZC6,1031204309
60BLX93,1031210769
41CHZ24,1031211896
PC0AWL0V,1031214058
41CZL53,1031226774
41CWN97,1031242353
5CD7330VFK,1031250191
41BDA38,1031251062
41BDA57,1031253387
41BDA63,1031253417
41BCY58,1031253437
41BDA62,1031254007
41BDA47,1031257176
41BDA67,1031257179
41BCR43,1031257180
41BDA60,1031257181
41CZL19,1031257305
5CD7330VC4,1031261744
41BDA59,1031261992
41BDA52,1031263559
41BBW74,1031266430
41BBW75,1031266461
41BDA58,1031266582
41BDA45,1031266694
41CVK65,1031271287
41BDA48,1031271315
41BCR44,1031271343
41BDA35,1031271345
41BCR42,1031271346
41BDA61,1031271386
41BDA43,1031272195
41BCR41,1031272507
41BCR49,1031272600
41CYW65,1031280912
41BDA40,1031281270
41BDA34,1031281291
41DLM78,1031282123
41BDA55,1031289764
41BCR40,1031289765
41BDA54,1031294277
41BDA46,1031298091
41BDA39,1031298163
41BDA68,1031298292
41CWB03,1031298504
41BCR48,1031309016
41CNW45,1031309020
41BDA33,1031312846
41CWB85,1031312848
41BDA56,1031312949
41CCF88,1034806747
41BDA53,1031316909
41BDA50,1031316911
41BCR47,1031316913
41BCR45,1031319231
41BDA37,1031324042
41BFM44,1031337127
41BFM82,1031337158
5CD7330VFZ,1031337166
41BFM80,1031337213
41BFM41,1031341911
41BFM61,1031342451
41CWN60,1031347007
41BFN06,1031347379
41CMC23,1031359927
41BDA41,1031361175
41CZH33,1031383743
To be filled by O.E.M.,1032381313
41BFN10,1031415802
41BDA44,1031419036
Default string,1034246651
41BFN04,1031422787
41BFM93,1031422816
5CD6075J0P,1031443827
41BGF42,1031444489
41BGF80,1031444508
5CD70613Y9,1031446614
41BGF43,1031446673
41CPW82,1031447375
41CLN16,1031451870
41BGF61,1031460662
41BGF45,1031460664
41CRA52,1031529311
41BGF46,1031529367
41CWP80,1031552031
41BGF74,1031563048
41BGF48,1031563049
41CKZ66,1031563817
41CZG13,1031563858
CZC4482HVM,1031566820
41CXK41,1031571338
41BGF79,1031578687
41BGF51,1031578895
41BGF56,1031579011
41BGF84,1034119326
41BGF73,1031594234
41BGF66,1031594315
41BGF78,1031594933
41BGF75,1031600249
41BFM16,1031600276
41BGF85,1031600407
41BGF63,1031600446
41BGF55,1031600628
41BGF69,1031601082
41BFM31,1031601614
41CNR51,1031601626
41BGF57,1031601830
41BGF70,1031604171
41BGF52,1031604213
41BGF53,1031615507
41BGF58,1031615516
41BGF62,1031615518
41BGF81,1031615519
41BGF87,1031615520
41BFM97,1031616331
41BFM24,1031617105
41BFM12,1031617359
41BFM77,1031620006
41BFN03,1031620353
41BFM78,1031620536
41BFM94,1031620541
41BFM46,1031620544
41DCP12,1031634234
41BFM33,1031638922
41BFM73,1031639008
41BFM22,1031639186
41BFM83,1031639205
41BFM72,1031642548
41BFM91,1031642623
41BFM15,1031642644
41BFM42,1031642901
41CTT32,1031646676
41CTV15,1031646864
41BFM36,1031654501
41CKX86,1031672682
41BBR87,1031676227
41BBM19,1031676522
41BFM18,1031676568
41BFM55,1031676569
41BFM45,1031676570
41BGF49,1031686927
8CC11123GL,1031691162
CZC605B222,1031696572
41CWM80,1031698226
R90XR02Z,1031698287
41BGF86,1031705167
D5K0T92,1031717682
41BFM79,1031717759
41BFM89,1031717806
41BFM39,1031717807
41BGF89,1031717972
41BFM11,1031723335
41BFM98,1031723336
41BFM21,1031723354
41BFM85,1031727558
41BFN07,1031727559
M3MSCG010699BB4,1031728338
M1NXCV22T783044,1031729154
41BFM99,1031736404
41BFN02,1031736408
41BGF64,1031744522
41BFM76,1031744523
41BFM69,1031744524
41BFM87,1031752619
41BFM35,1031752620
41BFM67,1031752621
41BFM38,1031753283
41BGF88,1031753912
41BGF50,1031754855
41CZH80,1031764491
41BFM53,1031775804
41BFM81,1031775816
41BGF71,1031778076
41CWN96,1031779359
41CPX02,1031780283
41CKZ74,1031780328
41BFM20,1031787944
41BFM52,1031793206
41BFM63,1031793216
41CRA95,1031793422
41CRA89,1031796453
41BGF60,1031804823
41CVM33,1031804940
8MCP282,1031805868
41BFM49,1031805964
41BFM56,1031805965
41CKZ19,1031808287
41CKZ13,1031813138
41CKZ92,1031823336
41ABT71,1031823490
41BGF54,1031824302
41BFM14,1031826554
41BGF76,1031826797
41CZB31,1031828220
41CZL46,1031830616
41AAT00,1031830700
OEM,1031830704
XTK40328,1031830759
41DBA60,1031830793
41CZL28,1031830815
41DCG75,1031830852
41DCH05,1031830856
41CKX45,1031830911
41DAC30,1031830929
CZC4022HCZ,1031830932
41CZK44,1031831057
CZC4032ZBC,1031831214
41DAC70,1031831228
41DCG59,1031831258
R911LWAP,1031831959
41CXH57,1031836161
41DCG45,1031836192
41DCF81,1031836196
41L0AVA,1031836366
41L0AP1,1031836372
41BTP52,1031837094
41BTN91,1031837225
R913W2Z9,1031837234
41BTP18,1031837249
41CXK72,1031837576
41BTN46,1031838087
41BTP24,1031838089
41BTP95,1031838197
41CZG96,1031840593
41BFN00,1031840604
41BFM29,1031840607
41CZK00,1031844573
41BFM43,1031846100
41BFM90,1031846101
41BFM17,1031846108
41BFM37,1031846688
CZC3422S3P,1031849844
41CKX26,1031849888
41DAC93,1031850303
41BTP96,1031850527
41BTN78,1031850532
41BTN86,1031850551
41BTP98,1031850563
41BTN85,1031851631
41BTN50,1031851917
41BTN99,1031852147
41BTN61,1031852265
41BTN69,1031852267
41CTT98,1031852382
41BFM40,1031855003
41BTN51,1031855103
41BTN84,1031855109
41BTN95,1031855113
41BFM32,1031855258
41DAC25,1031855290
41BFM60,1031855333
41BTP70,1031855402
41BTP10,1031855465
41CTR32,1031859910
41DBA59,1031860013
41DAZ94,1031860036
41L087A,1031860299
41BGF59,1031860424
41CZB40,1031860815
41CNV82,1031867924
41CNW35,1031867961
41CKZ69,1031873932
41CKZ98,1031874212
41BGY05,1031891911
41CXN43,1031892432
8LYTBB2,1031892600
41BGF77,1031892624
8LXWBB2,1031898233
41DAC05,1031902296
41CZK55,1031902801
41CKX36,1031903860
41CTB25,1031905590
41CKZ60,1031905899
41BFM25,1031905986
41BFM50,1031906859
41CTB28,1031910828
DTBGWSG00H119031BD9600,1031916378
41BTN56,1031924039
41BFM92,1031925078
41CTB21,1031929166
41BTN47,1031934753
41BTP66,1031935936
41BTN34,1031938370
CZC3513CHH,1031957416
BQ1PB42,1031960728
41BDA42,1031961598
41DBA35,1031965693
41BTN32,1031966145
41CZG22,1031968251
41CMT66,1031968554
41CZG51,1031968662
41BDA64,1031968772
41BFM84,1031972674
41BFM51,1031972728
41BTP05,1031982833
41BTP17,1031982838
41BTP23,1032007027
41BTP90,1032015755
41AXM91,1032015794
H6PXAC010775,1032035897
41BTP82,1032045935
CZC73387RG,1032049739
41BFM48,1032052102
41CLN07,1032055230
5CD144D3CZ,1032055670
41BTP09,1032098063
41BTN80,1032098065
41CTT51,1032103858
41BTP60,1032104221
41BTP61,1032104410
41BTN41,1032111785
41BTN60,1032120299
41CTR66,1032121380
41BTP99,1032125964
41BTP94,1032125965
41BTN68,1032125969
41BTP08,1032130917
41BTN96,1032130921
41BTN64,1032135824
41BTP28,1032135825
41BTP76,1032139265
41BFN09,1032139364
41BTN48,1032139475
41BTM30,1032139536
41BTN71,1032139616
41BTN92,1032139618
41BTN97,1032143499
41BTN40,1032143584
41BTP56,1032143585
41BTN90,1032150951
41BTN49,1032150952
41BFM96,1032153558
41BTN33,1032154079
41BTN76,1032154080
41BTN35,1032164803
41BTN79,1032173131
41BTN81,1032175366
41BTP73,1032190943
41BTP07,1032190953
41BTP16,1032191736
41BTP21,1032191737
41BTP29,1032194686
41BTN77,1032194689
41BTP15,1032196183
41BTP26,1032196185
41BTP00,1032198741
41BTN63,1032198744
41BTN55,1032200638
41BTN67,1032200646
41BTN89,1032203441
41BTN38,1032203442
41BTN53,1032203445
41BTN88,1032203817
41CCF16,1032212001
41CCD85,1032212136
41CCF35,1032212190
41CCF65,1032212219
41CCF26,1032212465
41BFM62,1032212673
41BTN52,1032214965
41CCD94,1034817704
41BTN72,1032215288
41CCG13,1032216140
41CCG23,1032216161
41CCD87,1032218753
41BTP12,1032219190
41BTP58,1032220042
41BTP03,1032220043
41BTN57,1032220049
41CWN16,1032220142
41CCG29,1032220827
41CCD92,1032220910
41CCD76,1032220924
41BTP11,1032221155
41CCF19,1032221166
41CCF17,1032223336
41CCG18,1032223337
41CCF51,1032223354
41CCD79,1032223393
41CCF98,1032224769
41CCF00,1032225045
41CCF29,1032225153
5CD7330VH7,1032231907
41CHT73,1032232009
41CXH47,1032232070
41CCF11,1032235712
41BTP01,1032235717
41CHP70,1032235720
41CCG20,1032235722
41BTN98,1032235984
41AXM92,1032236277
41CCF21,1032236280
41CCF63,1032236286
41CCD82,1032236426
41CCF99,1032236584
41CCF87,1032244140
41CCG03,1032246339
41CCD99,1032246350
41CCF28,1032246355
41CWP03,1032250804
41DCF53,1032250808
41BFM64,1032257544
41BFM30,1032257553
41CLA10,1032258221
41CCF66,1032259063
41CCG24,1032259068
41CCF81,1032259070
41CCG11,1032259077
41CCF02,1032259085
41CPV88,1032262406
41CCF54,1032264114
41BTP04,1032266280
41CCD97,1032275874
41CCG26,1032275879
41CZG05,1032278092
41CCG28,1032284437
41CCF50,1032284521
41BTN82,1032288553
41CCG25,1032288614
41CKX13,1032288915
41CZH55,1032291518
41CCD89,1032292562
41CCD90,1032292698
41CCD84,1032292700
41CCF18,1032298605
41CCG17,1032298895
41CCF55,1032299460
41ccg09,1032299742
41CXK76,1032300478
41CCF40,1032307225
41CCF76,1032307938
41CCF24,1032310283
41BRD82,1032314024
4CE150CX20,1032318609
41CCG15,1032321966
41CCF60,1032321977
41CCF58,1032326074
41CCF73,1032326075
41BFM54,1032327535
41CCF85,1032343477
41CCF69,1032344626
41CZK03,1032353837
41CCD77,1032354854
41CCF92,1032354877
41CCF49,1032357869
41CCF67,1032357876
41CZG89,1032358967
41CCF31,1032364729
41CZH68,1032364800
41DLB57,1032364882
41CZG98,1032365055
41CZH92,1032376229
41BFM23,1032376281
41BFN01,1032376312
41BFN08,1032376333
41BFM28,1032376336
41BFM58,1032376344
41CZG04,1032376385
41BFM47,1032376480
5CD6096MBW,1032376491
41BFM34,1032376494
41BFM70,1032376507
CZC4482HVK,1032376591
41AKA05,1032376955
8CC9174YHW,1032378255
Chassis Serial Number,1033969991
41AAT87,1032382042
41AAV29,1032382070
41L0DGY,1032382495
5CD62423M9,1032382517
41CZL48,1032383330
41CCD81,1032383338
41CCF96,1032383357
41CCF01,1032383372
41CMF91,1033805382
41CCD80,1032383563
41CZL85,1032383914
41DCV31,1032384071
S4PGG92,1032385826
41CZK75,1032385852
41CZG37,1032386121
41CZH19,1032386670
41CZK74,1032387083
41CMA92,1032388238
41CZH05,1032393307
41CZG39,1032393428
41CZG76,1032393429
41CZL24,1032393998
41CZH28,1032396892
41CHT83,1032397414
41CZK67,1032397575
41CZG93,1032400643
41CZG79,1032400762
41CZG46,1032401061
41BTP81,1032410263
41CCD86,1032411725
41CCG08,1032413885
41CCF53,1032415753
41CCG21,1032415754
41CCG06,1032416192
41CWP20,1032416598
41CTT76,1032420201
41BTP67,1032420203
41BTN44,1032420205
5CD70613Y6,1032420520
41CCF64,1032426943
41CCD73,1032427010
41CCF77,1032427144
5CD6496M3Y,1032427307
41CCF83,1032429639
41AAV41,1032429764
41CLX33,1032430128
41CCG22,1032430551
41CCF14,1032430553
5CD7330VDQ,1032435957
41CCF27,1032436317
41CCF36,1032437181
41CCG07,1032439169
41CCD88,1032439289
41CFM69,1032448593
41CFN00,1032451723
41CFN17,1032451724
8CC1502RN2,1032458715
5CD70613X6,1032467353
41CMD68,1032467911
41BTP91,1032470766
41CCF22,1032470974
41CCF38,1032471709
41CCF12,1032471800
41CCF93,1032475441
41AMK95,1032483026
41CFM78,1032484592
41CHR08,1032484609
41CWN59,1032484857
41CCD83,1032487949
41CCF44,1032487973
41CPW46,1032488057
41CCF68,1032488366
47ZH493,1032491412
41BDA36,1032504819
41CCD95,1032504828
41CZK21,1032510221
41CZH40,1032510494
41CMG05,1032510975
41CCF25,1032516169
41CTR99,1032520915
41CWB70,1032521056
41BFM26,1032521464
41CFN45,1032522523
41CFN08,1032524832
41CFN03,1032524868
41CZH27,1032528657
41CZH95,1032528960
41CGX91,1032529533
41CFM79,1032540171
41BTP80,1032540782
41BTP83,1032546467
41CHP59,1032546642
41CHP90,1032546927
5CD8416CNW,1032549777
41CHP64,1032549801
41CFM71,1032549806
41CFN54,1032549965
41CFN35,1032557106
41CFM66,1032557107
41CHR82,1032558088
41CHR85,1032560100
41CFM84,1032560589
41CFN15,1032560820
41CFM85,1032563419
41CFN21,1032563448
41CHA95,1032563475
41CFN20,1032567666
41CFN52,1032568055
41CFM99,1032568059
41CFM83,1032568255
41CFN01,1032570248
41CFM68,1032570259
41CFN11,1032575066
41CFM76,1032575067
41CFN09,1032575069
41CCF86,1032582919
41CCF91,1032582950
41CCG27,1032591810
5CG8357MKM,1032594138
41CCG14,1032599259
41CCF84,1032602831
41CFM65,1032602840
41CCF10,1032605122
41CFM91,1032605140
41CCG16,1032612921
41CCF42,1032612922
41CCD96,1032620388
41CHR02,1032628624
41CFN19,1032628639
41CHP69,1032633116
41CFN43,1032633183
41CHP66,1032633472
41CHR17,1032635065
41CFN38,1032635074
41CFM96,1032635076
41CFN49,1032635077
41CCG04,1032635086
41CCF15,1032635197
41CCF45,1032635258
41CCF09,1032635261
41CHR83,1032635264
41CHR18,1032635265
41CHR49,1032635290
41CFN41,1032635325
41CFM88,1032635371
41CHR43,1032635374
41CHP98,1032635377
41CHR14,1032636315
41CCD98,1032638537
41CCF82,1032638539
41CCF90,1032638551
41CCF56,1032638552
41CCF62,1032638582
41CCF59,1032638610
41CCF94,1032638662
41CCF89,1032639041
41CCF57,1032639086
41CCF80,1032639118
41CCG05,1032639135
41CFN44,1032640251
41CCF74,1032642105
41CCF13,1032642129
41CCF52,1032642135
41CCF30,1032642148
41CCD75,1032642149
41CCG32,1032642155
41CCG02,1032642156
41CFN04,1032642651
41CCF43,1032643023
41CHP40,1032643130
41CCF72,1032643142
41CFM64,1032643148
41CFN06,1032643192
41CFG49,1032643205
41CFM67,1032643246
41CHR97,1032643248
41CCG01,1032643278
41CFM97,1032646061
41CCG30,1032646062
41CCF23,1032646063
41CCF07,1032646065
41CCD74,1032646087
41CCF32,1032646088
41CHR03,1032646095
41CHR36,1032646096
41CCF46,1032646154
41CHR52,1032646159
41CFN53,1032646172
41CFM70,1032646173
41CFN47,1032646175
41CHP47,1032646186
5CG21351ZC,1032646221
41CFG65,1032646238
41BTN36,1032649562
41CHR41,1032650869
41CHR61,1032650964
41CHR13,1032650991
41CHR42,1032651014
41CHR10,1032651015
41CTR87,1032653253
41CFG66,1032657063
41CFG63,1032657064
41CFG59,1032657065
41CHR81,1032657133
41CFN22,1032657152
41CFN16,1032657278
41CFN50,1032657536
41CFN51,1032657540
41CFM94,1032657551
41CFM95,1032660468
41CFN40,1032660477
41CFG51,1032660519
41CFG57,1032660523
41CFM89,1032660525
41CFN10,1032660543
41CFM87,1032660566
41CFN14,1032660573
41CFM73,1032661408
41CFM82,1032663505
41CFM81,1032663508
41CFG47,1032667234
41CFG43,1032667274
41CFN46,1032667379
41CFM93,1032667385
41CFN12,1032670113
41CFN55,1032670117
41CNV16,1032670140
41CNV23,1032670149
41CNT95,1032670188
41CNV11,1032670259
41CNT87,1032670291
41CNT90,1032670292
41CNV08,1032675012
41CNT91,1032675964
41CNV07,1032675980
41CNT92,1032675983
41frucd,1033816250
41CNV20,1032676141
5CD7330VCK,1032680189
41CNV22,1032682322
41CNV09,1032682440
5CG8173DL7,1032694195
CZC73387Q5,1032694196
5CD6448KPT,1032694203
5CD7330VG5,1032694207
5CD7330VHZ,1032694213
5CD7330VG7,1032694214
5CD6448KQK,1032694234
5CD7330VCY,1032694235
5CD6508P27,1032694237
5CD6075J0W,1032694249
5CD70613VG,1032694250
CZC84678FK,1032694259
5CD7330VH6,1032694265
5CD70613XM,1032694269
5CD70613VQ,1032694274
5CD6496M4H,1032694275
5CD7330VHT,1032694280
5CD7330VDM,1032694298
5CD7330VJ7,1032694351
5CG8173DNB,1032694409
5CD7330VFQ,1032694411
41CNV12,1032694417
5CD7330VF9,1032694560
5CD7330VJ1,1032694731
41CNV17,1032694873
5CD70613VN,1032695289
41CNV03,1032696881
5CD7330VK3,1032696999
41CNV04,1032697035
41CNV00,1032697036
5CD6166JK8,1032697181
5CD70613VX,1032697455
5CD7330VF3,1032698025
5CD7330VJD,1032699689
5CD6075J17,1032699706
5CD6508P1K,1032700968
5CD7330VHD,1032701191
5CD6496M3M,1032701766
41CNT89,1032701993
5CD6496M4L,1032702174
5CG8173DLK,1032702576
5CD6461G8Z,1032703863
5CD7330VJ3,1032704491
41CNV18,1032706822
41CNV01,1032706823
41BTP13,1032707015
41BTP77,1032707143
41BFM74,1032718771
5CD7330VDJ,1032718809
41CPW61,1032726307
41CPW62,1032729695
5CD62423LB,1032733120
5CG8357MC4,1032733145
5CD7330VH0,1032733185
5CD70613VZ,1032733645
41CNV21,1033002622
41CNT99,1032738199
41CNT86,1032739296
5CD6420JK2,1032739328
41CHR45,1032739922
41CCF70,1032739924
5CD62423M7,1032740309
41CWM76,1032742083
41DLA86,1032742090
41CNV05,1032742172
41CFG44,1032742381
41CFM80,1032742580
41CFM86,1032749391
41CFN13,1032753131
41CGX28,1032753142
41CHV09,1032759095
41CFG53,1032762086
41CFG48,1032762142
41CFG45,1032763232
41CFG67,1032763439
41CZK57,1032767445
41CWN31,1032767848
5CG8263XXT,1032770260
5CG8263XPM,1032770271
5CD2158371,1032773927
41CNT94,1032773980
41CFN37,1032774046
5CD6508P1Z,1032774048
41CFG56,1032774164
41CHR79,1032774609
5CG8341WB4,1032777059
41CHR62,1032782122
41CHR89,1032782134
5CD215836C,1032782192
5CG8341W3V,1032785460
5CG8341VXR,1032785462
5CG8341VY0,1032785528
41CHP42,1032786427
41CHP68,1032786432
41CHR44,1032786675
5CD215836T,1032788478
5CG8357MHT,1032796125
41CHP78,1032800655
41CHR54,1032800656
YANYU,1033128569
5CD7330VKB,1032803850
5CG8263XLS,1032803893
41CFG50,1032804341
41CHP55,1032804522
41CHR38,1032804523
5CD7330VJZ,1032804827
5CD7330VF6,1032807003
41CRA31,1032815555
41CHP76,1032816089
41CHR86,1032816090
41CHR33,1032832025
41CHR80,1032832030
41CNV15,1032832202
41CNT93,1032832203
5CD7330VDD,1032844859
41CHP39,1032844933
41CHR16,1032844934
41CNT84,1032845046
41CHR22,1032845064
41BFM65,1032845099
41CFN18,1032850349
5CD62423MD,1032853137
41CHR78,1032853323
41CHR19,1032853344
5CD7330VCF,1032858937
5CD7330VKC,1032859023
41CNV10,1032861920
41CNV06,1032861965
41CZK58,1032862487
JAMRAC011139,1032867168
41CHR11,1032867459
41CHP49,1032867460
41CHR12,1032867461
PF0SEGFR,1032867654
41CFW58,1032870438
41CFV57,1032871039
41CZK99,1032871353
41CHP86,1032871641
41CHP43,1032871642
41CMR70,1032873430
41CHR47,1032873711
41CMM18,1032873724
41CFX41,1032874485
MP1FZQV2,1032874959
41CMP78,1032875335
41CPV99,1032875339
41CMP88,1032876933
41CHP58,1032877036
41CHR70,1032877038
41CHP89,1032877110
41CKY17,1032877216
41CLN33,1032878191
41CHP48,1032880052
41CHR74,1032880080
41CHR05,1032880096
41CHR65,1032883872
41CHR73,1032883933
41BFM19,1032884189
41CZH79,1032889586
41CHR07,1032889768
41CHR20,1032889769
41CZG24,1032889787
41CZG03,1032890152
41CHR29,1032890748
41CHR63,1032890803
41CWR03,1032892750
41CFV59,1032892967
41CHR35,1032893078
41CZG64,1032894230
41CHR72,1032899682
41CHR27,1032899691
41CHR15,1032899698
41CCG12,1032900814
41CHR04,1032901038
41CHR31,1032901141
41CHR25,1032901142
5CG8263XHX,1032903616
5CG8173DMC,1032904125
41CGV45,1032905545
5CD7330VH2,1032908120
41CHR28,1032908237
41CHP94,1032908253
41CVK79,1032911432
5CG8341W24,1032911712
41CHR96,1032911904
41CHR69,1032911973
41CKZ72,1032914648
41CHP67,1032914665
41CHP44,1032914666
41CVV92,1032914782
41CFG58,1032915597
41CHR48,1032919069
41CHR59,1032920323
41CHP41,1032920388
41DAC96,1032925129
5CG8263XQC,1032930820
5CG8263XR7,1032930877
41BTP02,1032930995
G8PTCJ021704,1032934268
41CHP45,1032940314
41CHP63,1032940451
41CHP79,1032942360
41CHP81,1032942368
5CG8341W90,1032942589
41CHP57,1032945463
41CHP53,1032945930
41CHR24,1032945931
MP24M6CL,1032946831
5CG8357MFJ,1032951832
41CCF20,1032951835
5CD6496M3F,1032957633
41CHT50,1032962504
5CG21351Z9,1032962537
41CHR75,1032962573
41CHP92,1032962574
41CHR71,1032963087
5CD7330VH3,1032963636
41CHP84,1032969766
41CHR95,1032969767
5CD64661GS,1032972391
5CD70613WK,1032988181
5CG8341VXD,1032991757
5CG8357MJD,1032996500
41CHR53,1032999161
41CHR30,1032999166
41CHP38,1032999167
41CMR52,1033005219
5CG8341W3D,1033011033
41CHP60,1033014586
41CHR09,1033014625
41CHR60,1033014629
41CCF03,1033014705
41CCF71,1033014777
41CZH14,1033017229
41CWP59,1033017232
5CD8328GD5,1033029682
41CHR58,1033033286
41CHR77,1033033290
41CHR66,1033033437
41CHR34,1033036298
41CHR64,1033036304
41CHP99,1033036309
5CD7330VD1,1033036483
5CD6096MBS,1033046501
5CD6461G8C,1033053208
41CHP96,1033059335
41CHR21,1033059398
41CHR26,1033063959
41CHR68,1033064037
5CD7330VFB,1033064818
5CD7330VK1,1033067198
41BFM13,1033067745
41CCF39,1033067751
41CMA66,1033069479
41CFG46,1033071413
41CFM90,1033071414
5CD6446VDQ,1033072754
5CG21182TL,1033074278
PF47QE8X,1033074445
PF47RB8A,1033074469
PF47RSHQ,1033074604
PF47T6QC,1033074896
PF47Q9TY,1033082953
41CHR37,1033085433
41CHP51,1033085435
PF47PCE2,1033092890
5CD8487H7C,1033093367
PF47QE9A,1033097124
41CHR90,1033113035
41CHP62,1033113040
41BTP71,1033117111
41CXK85,1033119927
8CC9434DH1,1033122326
41CHR32,1033131684
41CHR87,1033131699
41CHR00,1033131897
41CHP91,1033132063
41CHP88,1033132080
41CZH16,1033139386
41CZG54,1033139414
41CFM74,1033145971
41CWC24,1033150816
41CMT18,1033158344
41CHP54,1033162784
41CHP87,1033162785
41CHR01,1033162787
41CHP95,1033162954
PF47TGN1,1033166138
41CHP82,1033172259
41CMA91,1033175620
41BTP74,1033175678
PF47NZ06,1033178844
41CHR06,1033178856
41CHP77,1033178864
YL00BAB2,1033181774
41CCG10,1033183004
41BAMVY,1033189044
41CHP83,1033192811
41CHP97,1033192924
41CHR23,1033192948
41CHR39,1033195980
41CHP65,1033195981
41CWM96,1033196361
41CHP73,1033196566
41CHP35,1033196569
41CCF04,1033196852
41CYV70,1033198832
41CYV68,1033198834
41BFM59,1033202842
41CHR88,1033203491
41AMK67,1033206357
41CHP61,1033206469
41CHP50,1033214011
41CHP93,1033214109
41CHR50,1033214147
41CFV52,1033217699
41CGV76,1033217718
41CTT53,1033217719
41CWN50,1033217818
41CWR04,1033217864
41CGY79,1033218367
41CYW38,1033220946
41CHP56,1033220985
41CHR84,1033220996
41CZL66,1033221007
41CZK13,1033221059
41CMH62,1033224171
41CLM98,1033224178
41CWB52,1033227795
41CNV86,1033227851
41CMH72,1033227872
41CZH87,1033231144
41CHP75,1033231266
41CTR26,1033232331
41DBA50,1033234525
41CZK09,1033234904
41CMT07,1033237158
41CMT11,1033237187
41CHP80,1033237534
41DDR45,1033237670
41DDR35,1033237763
41DDT13,1033237778
41CHP37,1033238168
41DDR69,1033238300
41CHP36,1033238445
41DDV34,1033238679
41DDT09,1033239447
41DDR46,1033239685
41CWM92,1033240343
41DDT26,1033240369
41DDV63,1033240392
41DDV46,1033240466
41CHP85,1033240553
41CHP74,1033240947
41DDR50,1033244618
41DDV60,1033244651
41DDV67,1033244797
41DDT18,1033244963
41DDR37,1033244984
41DDR34,1033245225
41DDR86,1033245299
41DDR98,1033247848
41DCG50,1033250863
41DDT24,1033250917
41DDT22,1033250919
41DDR83,1033250920
41DDT00,1033251698
41DDR32,1033251812
41DDT16,1033254180
41DDR51,1033254266
41DDR31,1033254273
41DDR28,1033254274
41DDT01,1033254278
41DDR30,1033254279
41DDT02,1033254280
41DDT17,1033254288
41DDR90,1033254315
41DDV33,1033254768
41DDT03,1033254786
41DDR79,1033255132
41DDR41,1033255284
41DDT10,1033255288
41DDR66,1033255300
41DDV48,1033255308
41DDV18,1033255429
5CD243FM9L,1033255963
5CD243FM9H,1033256350
41DDV36,1033258194
41CWC07,1033258245
41CPW49,1033258254
41DDV06,1033258424
41AAT47,1033258868
41DDV10,1033261995
41DDV08,1033261996
41DDT99,1033262062
41DDT95,1033262067
41DDV30,1033262105
41DDT25,1033262598
41DDR93,1033262609
41DDR89,1033262892
41DDT12,1033262910
41CNV53,1033262913
41DDT20,1033268403
41DDT07,1033268447
41DDR27,1033268507
41DDR33,1033268679
41CXK42,1033268769
41DDV02,1033268909
41DDR78,1033271377
41CLN27,1033271465
41DDR43,1033272414
41DDR53,1033272483
41DDR36,1033272515
41DDR29,1033272808
41DDR65,1033272814
41DDR76,1033272920
41DDR71,1033273248
41DDV69,1033274065
41CMT49,1033275364
41DDV11,1033275375
41DDR82,1033275466
41DDR77,1033275503
41DDR74,1033275546
41CTX13,1033275794
41DDR56,1033276265
41DDV62,1033276269
41DDT23,1033276504
41CMF57,1033279833
41CMT20,1033280698
41CMT19,1033285924
41DDV09,1033285941
5CD64661G5,1033285991
41DDR73,1033286008
41DDR68,1033289048
41DDR57,1033289357
41DDV55,1033292307
41DDR62,1033292310
41DDR54,1033292317
41CCD78,1033292347
41DDR64,1033292623
41DDV68,1033292633
41DDV52,1033292850
M3NXCV048160098,1033295302
41DDV32,1033295372
41DDT98,1033295530
41DDR38,1033299079
41DDV21,1033299137
41DDV03,1033299143
41CMH54,1033299255
41DDV38,1033299468
41DDV57,1033301768
41CHP52,1033302363
41DDR44,1033303011
41DDV58,1033303504
41DDV50,1033303583
41DDV19,1033304507
41DDR72,1033307100
41DDR87,1033307138
41DDR55,1033307151
41DDV29,1033307278
41DDR95,1033307412
41DDT08,1033307868
41DDV45,1033309834
41DDV12,1033309897
41CMM19,1033309973
41DDV20,1033309984
41DDV41,1033310047
41DDR84,1033310049
41DDR88,1033310105
41DDR42,1033310569
41DDV15,1033310626
5CD243FM83,1033312780
PF47RFP1,1033312847
41DDV35,1033316164
41DDR47,1033316248
41DDR61,1033316249
PF47TB6S,1033316470
41DDV44,1033319354
41DDT15,1033319362
41DDV04,1033319371
41DDV51,1033319373
41DDR94,1033319444
41DDR48,1033319446
41DDV31,1033319999
41DDV16,1033321620
PF47QK39,1033322120
41DDV26,1033324193
41DDV27,1033324195
41DDV43,1033324209
41DDV25,1033324247
41DDR60,1033324250
41CZK39,1033327122
41CNV30,1033327267
41CZL89,1033327324
41DDR75,1033327369
41DDR70,1033327373
41CXK47,1033327382
41CWC22,1033327463
41CZA88,1033327552
41CTV12,1033327572
PF47T7ER,1033336326
41DFH80,1033336556
41DFH81,1033336576
41DDT14,1033336700
41DFH48,1033336919
41DFK02,1033339055
41DFH63,1033339062
41DDT97,1033339699
41AMK27,1033341731
41DDV24,1033341870
41DDR81,1033341941
41DFH99,1033341964
41DDV40,1033342028
41DDV49,1033342055
41CWM77,1033344504
41DFH74,1033344573
41DFK08,1033344586
41DAC85,1033344619
PF47RFQ0,1033348278
41DFB11,1033348301
41DFK12,1033348302
41DFH53,1033348308
41DDV42,1033350663
41DDR40,1033350707
41DFK03,1033350816
41DFH95,1033350911
41CWB41,1033351696
41CZH85,1033354221
41CPW14,1033354240
41CKY56,1033354255
41CRC04,1033354261
41CZG47,1033355595
41DFH94,1033357057
41DFK14,1033357144
MP293V95,1033357822
41CZA76,1033357873
41CNV32,1033359519
41DFH52,1033361680
41DDR63,1033361860
41DDV47,1033361861
41DDR85,1033361867
41DDV00,1033361931
41DDR52,1033361933
41DDR92,1033361934
41DDV17,1033361975
41DDV14,1033362021
41DDT96,1033365560
41DDV13,1033365737
41DFH89,1033365741
41DDR58,1033365767
41DFH98,1033365772
41DDR99,1033366122
41DFH66,1033366209
41DFH84,1033368330
41CZG20,1033368463
41DFK05,1033368489
41DFK07,1033368490
41DFH88,1033368491
41DFH51,1033368522
41DFH93,1033368523
41DFH64,1033371373
41DFH87,1033371376
41DFH79,1033371946
41DFH96,1033371963
41DFK00,1033372391
41DFH57,1033372413
41DFH50,1033372415
41DFH90,1033372427
41DFK01,1033372428
41DGG09,1033379119
41DGF72,1033379122
41DGG27,1033379126
41DGG17,1033379128
41DGF86,1033379129
41DGG03,1033379132
41DDT11,1033380179
41DGF62,1033380302
41DGG12,1033380304
41DGF55,1033380399
41DGF57,1033380400
41DGG32,1033380401
41DGF82,1033380452
41DGF83,1033380457
41DGG16,1033380464
41DGF64,1033382540
41DGF60,1033382627
41DGG23,1033382649
41DGF81,1033382652
41DFH65,1033385989
41DGF89,1033385991
41DGG19,1033386016
41DFH49,1033386028
41DFH78,1033386076
41DGG22,1033386554
41DGG28,1033386568
41DGF79,1033386618
41DGG06,1033388437
41DGG44,1033388442
41DGG34,1033388479
41DFH58,1033388600
41DGG39,1033389843
41DGG37,1033389862
41DGG35,1033389897
41DFH55,1033390255
41DGG52,1033390395
41DGG20,1033390414
41DGG13,1033390420
41DGG30,1033390430
41DGG21,1033390439
41DFH75,1033390554
41DGG48,1033390615
41CMA18,1033394674
41DDR97,1033394907
41DGF59,1033396803
41DGG15,1033396806
41DGF67,1033397638
41DGG33,1033398182
41DGG46,1033400547
41DGG07,1033400548
41BFM71,1033400550
PF47NNZZ,1033403836
41DGG10,1033404950
41DGF61,1033405173
41DGF66,1033405236
PF47Q5F7,1033405258
41DDR59,1033408075
41DDV22,1033408178
41CZH44,1033408603
41CZH26,1033409149
41DDV23,1033409158
41DDV65,1033410634
CZC73387QH,1033412225
41DGF88,1033412323
41DGF68,1033412325
41DGF95,1033412326
41DGF84,1033412328
41DGF90,1033412329
41DDV39,1033412455
41DFH54,1033412456
41DGP13,1033412653
41DGP19,1033412655
41DGP15,1033412839
41DGP10,1033412856
41DGP21,1033413132
41DFH62,1033413345
41DGF92,1033414898
41DGF74,1033414899
41DGG00,1033414901
41DGP16,1033414902
41DGF75,1033414938
41DGF78,1033414965
41DGF93,1033414992
41DGF76,1033415029
41DGF77,1033415049
41DGF80,1033415118
41CFN34,1033423020
41DFH71,1033425090
41DFH69,1033425096
41CZK36,1033425587
41DGF87,1033426141
41DGF96,1033426157
41DGP12,1033426181
41DGP08,1033426187
41DGP07,1033426195
41CZK61,1033426397
41DGP06,1033426565
41DGN69,1033426566
41DGF73,1033426582
41DGF94,1033426598
41DFH68,1033426738
41DGN79,1033428668
41DGG36,1033428976
41DGN82,1033428981
41DGN58,1033428982
41DGP20,1033428990
41DFK15,1033429054
41DGN96,1033429082
41DFK13,1033429160
41DGN87,1033429250
41DGP14,1033429276
41DGN66,1033431262
41DFK20,1033434673
41DFK16,1033434677
41DGN24,1033434698
41DGP03,1033434700
41DGN46,1033434736
41DGN59,1033434801
41DGN45,1033434869
41DGP22,1033437225
41DGN77,1033437226
41DGP11,1033437227
41DGP00,1033437228
41DGN63,1033437269
41DGG31,1033437551
41DGN60,1033437874
41DGG38,1033437875
5CD3033SBV,1033440414
41DFH60,1033440735
41DFK10,1033440754
41DFK19,1033440784
41DFH72,1033440864
41DFK06,1033441024
41DGN95,1033442933
41DGN40,1033442973
41CLN22,1033443023
41DGN25,1033443113
41DGN37,1033443114
41DGG43,1033443117
41DGN54,1033443146
41DGN75,1033451503
41DGP17,1033451537
41DGP23,1033451542
41DGN62,1033451579
41DFK11,1033451609
41DGN86,1033451843
41DGP09,1033451936
41DGN68,1033452058
41DFK04,1033454550
41DGN80,1033454552
41DFH61,1033454554
41DFH85,1033454555
41DGN97,1033454556
41DGN84,1033454638
41DGN94,1033454641
41DGG47,1033454670
41DGN78,1033454688
41DGN64,1033454690
41DFK17,1034855446
41DGP01,1033457206
41DGN92,1033457211
41DGN35,1033457258
41DGN88,1033457259
41DGN99,1033457262
41DGG05,1033457264
41DGN26,1033457426
PF4CAJB4,1033457518
PF4CAAN6,1033457521
PF4CAN65,1033457678
PF4CAN8N,1033459876
PF4CAN8H,1033460017
PF4CAANF,1033460405
PF4B5MZ8,1033460459
PF4CAERD,1033460639
PF4CAAMB,1033460659
PF4CAETG,1033463062
PF4CAAZW,1033463072
PF4CASFC,1033463074
PF4C8VAH,1033463080
PF4CAJAV,1033463088
PF4CAN6V,1033463105
PF4CAN82,1033463117
PF4CAN5F,1033463132
PF4CAN5Q,1033463134
PF4CAEP5,1033463139
PF4C8VBM,1033463151
PF4CAEPH,1033463190
PF4CAN8A,1033463222
PF4CAES2,1033463248
PF4CAET5,1033463257
PF4CAERT,1033463407
PF4CAEQY,1033463415
41DGN91,1033463947
41DFH97,1033468538
41DFH83,1033468564
41DGN98,1033468948
41DGN32,1033469251
41DFH82,1033471342
41DFH73,1033471352
PF47TXNT,1033471890
PF47P1B3,1033478128
PF47RSLG,1033478281
PF47RB75,1033478540
PF47P7X9,1033480633
41DFH76,1033481543
41DFH77,1033481544
41DFK09,1033481593
41DFH67,1033481599
41DFH91,1033481600
PF4CASFK,1033482006
PF4CAN4D,1033482016
PF4CAAZF,1033482073
PF4CAN5B,1033482084
PF4CAN4R,1033482339
PF4CAAZQ,1033482421
PF4CAAK4,1033482710
41DGN30,1033482944
41DGN39,1033482945
PF4CAN7S,1033483530
PF4CAJE5,1033487599
PF4CAESR,1033487810
PF4CAJ68,1033488566
PF4CAAYH,1033488584
PF4CAEPT,1033488640
41DGN44,1033488651
41DGN72,1033488653
PF4CAAL5,1033488778
41DDV66,1033488903
41DGN93,1033488904
PF4CAAKB,1033489130
PF4CAENX,1033489440
PF4C8VAP,1033489782
PF4CAN76,1033489787
PF4CASSM,1033489878
PF4CAN7M,1033489912
PF4CASF2,1033496229
PF4CASHS,1033496260
PF4CAET0,1033496550
PF4C8VBW,1033496579
PF4CAAKQ,1033496625
PF4C8VBD,1033497117
PF4C8VCD,1033497147
PF4C8VA5,1033497154
PF4CAEQN,1033497181
PF4CAAZ3,1033497186
PF4CASFV,1033497190
41CNV49,1033497682
41CYW24,1033529248
41DGF70,1033544184
41DGG26,1033544185
41DFK18,1033544314
41CHD61,1033555363
41DGG41,1033555386
41DGG04,1033555387
41DGG24,1033555388
41CZA94,1033562232
PF47QK26,1033563731
41CHP71,1033563806
41CHR51,1033563808
41DGN73,1033567137
41CTA24,1033569982
41AVZ58,1033570216
5CD3146VZX,1033603004
41DGF99,1033607101
41DGP05,1033608749
41DGN85,1033608781
41DGN34,1033608848
41DGN55,1033608850
41DGN38,1033609162
41DGG01,1033609212
41DGG14,1033635783
41CFG62,1033635789
41DGG45,1033635805
41DGN70,1033635827
N9N0CX03Y01836B,1033638437
41DGG40,1033646542
41DGF54,1033646550
5CD70613XS,1033649960
41DGG42,1033657265
41DGF71,1033657318
41DGG51,1033659125
41CNW25,1033659950
41DGG08,1033666149
41DGG02,1033666154
5CD322F9ZV,1033666855
41CLN12,1033667106
41CGX19,1033667263
41CMF33,1033667326
41CMM16,1033667371
41DGN61,1033670277
41DGN71,1033670663
41DGF56,1033683998
41DGN65,1033684032
41DGF63,1033686979
8CN3340JSP,1033687457
41DGG53,1033688376
41CZH25,1033688951
41DLA77,1033691036
41CZG68,1033691573
41DGN52,1033693357
41CVK92,1033693360
PF47S3R1,1033696114
41DFH92,1033696233
41DGF98,1033696323
41DGG29,1033696852
41CZG12,1033697475
41DCD63,1033698064
41CZG25,1033700360
41CZG63,1033700387
41DGN48,1033700489
PF4CAJAJ,1033704248
41CZH38,1033706900
41CZG27,1033706902
41CTT40,1033706955
41CVV27,1033707123
PF4CAESC,1033707893
41DGN47,1033710201
PF47PCDE,1033716345
41DGN57,1033716648
41DDV61,1033723572
8CN3340S9V,1033723867
8CN3340JL7,1033724819
41DGN29,1033724833
41DGN36,1033724834
8CN3340JNP,1033724978
8CN3340JJM,1033724995
8CN335000L,1033724996
41DGN50,1033725109
41DGN43,1033725112
8CN3340S8B,1033727414
8CN3340JVX,1033727778
8CN3340JJW,1033727907
41DGN53,1033727946
8CN3340P0W,1033728581
8CN3340JJJ,1033728586
8CN3340JN3,1033728634
8CN3340JM1,1033728642
8CN3340JS6,1033728823
8CN3340SB2,1033728929
8CN3340JGB,1033730801
41DGN56,1033731010
41DGN28,1033731013
41CKW75,1033731122
8CN33500FW,1033731167
41CZH72,1033731182
8CN3350013,1033731208
8CN3340J63,1033731213
8CN3340JHN,1033731218
8CN3340JKT,1033731232
8CN3340JNN,1033731319
8CN3340P2H,1033731332
8CN3350044,1033731386
8CN3340P26,1033731720
8CN3340JM7,1033733549
8CN3340JGX,1033733550
8CN3340JKN,1033733584
8CN3340SB4,1033733593
8CN3340P16,1033733610
8CN3340P11,1033733692
8CN33500FN,1033733720
8CN3340JKD,1033733759
8CN3340JS0,1033733899
41DGN49,1033738083
41DGN27,1033738126
8CN3340P28,1033739656
41CTR54,1033739658
8CN3340S6Z,1033739678
8CN33500G5,1033739692
8CN33500DN,1033739694
8CN3340S80,1033739697
41CHB48,1033739728
8CN3340JHH,1033740099
8CN3340S6J,1033740137
8CN3340P1Z,1033740732
8CN3340JHG,1033740740
8CN3340P1J,1033740751
8CN3340JH0,1033740752
8CN3340JHC,1033741018
8CN3340JG9,1033741036
8CN3340P2V,1033743491
8CN3340JGR,1033743492
8CN33500F3,1033743546
8CN3340JKK,1033743564
8CN3350024,1033743732
8CN3340S9Q,1033743734
41DGN41,1033743744
8CN335004P,1033743747
8CN3340JKH,1033743750
8CN33500DV,1033743752
41BGF83,1033744693
41DGN33,1033746066
8CN3340JWV,1033746205
8CN3340S62,1033746217
8CN3340JQG,1033746219
8CN3340JPB,1033746231
8CN3340P1B,1033746235
8CN3340JX5,1033746285
8CN3340JRH,1033746372
8CN3340JLV,1033746434
8CN3340JX8,1033746437
8CN3340JWZ,1033746443
8CN3340JN4,1033746444
8CN3340S76,1033746453
8CN3340JX2,1033746508
8CN3340JW3,1033747150
8CN3340JW0,1033747151
8CN3340JPK,1033747191
8CN3340JWP,1033747194
8CN3340JNH,1033747198
8CN3340JTD,1033747235
8CN3340JGH,1033747255
41BGF68,1033747260
8CN3340JW6,1033748946
8CN3340JR3,1033748964
8CN3340JRD,1033748998
8CN3340JND,1033749003
41DKG87,1033749071
41DKG74,1033749072
8CN3340JVL,1033749144
8CN3340JWL,1033749158
8CN3340JV5,1033749190
41DKG97,1033749204
41DKG70,1033749207
8CN3340JG7,1033752569
8CN3340JTS,1033752574
8CN3340JJD,1033752596
8CN3340JMR,1033752597
8CN3340JPD,1033752602
8CN3340JJ6,1033752603
8CN3340JGQ,1033752625
8CN3340JT8,1033752690
8CN3340P23,1033755037
41CZH04,1033755225
8CN3340JTM,1033755595
8CN3340JH1,1033755601
8CN3340JQC,1033755638
8CN3340JMG,1033755652
8CN3340JKZ,1033755806
8CN3340JGN,1033756135
8CN3340JRL,1033756136
8CN3340JMT,1033756192
8CN3340JHF,1033756196
8CN3340JLS,1033756200
8CN3340JVH,1033756201
8CN3340JL3,1033756204
8CN3340JGS,1033757430
41B4779,1033758935
41B4902,1033758938
41CTZ23,1033759333
8CN3340JY3,1033759391
8CN3340JV8,1033759394
8CN3340JMY,1033759395
8CN3340JKR,1033759403
8CN3340S54,1033759404
8CN3340LQ4,1033759542
8CN3340JXM,1033759579
8CN3340JXD,1033759602
8CN3340S5D,1033759695
8CN3340JXW,1033759868
8CN3340JGD,1033759957
41DKG88,1033768621
41DKG81,1033769366
41DKG76,1033771035
8CN3340JYB,1033771739
41DKG90,1033771765
8CN3340JXK,1033771770
8CN3340JST,1033771780
8CN3340JHV,1033771822
8CN3340JM4,1033771847
8CN3340JY7,1033771856
8CN3340JH9,1033771862
8CN3340JK7,1033771908
41DKG71,1033771948
41DKG69,1033772019
8CN3340JWR,1033772144
8CN3340JXZ,1033772193
8CN3340JJ4,1033772223
8CN3340JTH,1033772395
8CN3340S91,1033772439
8CN3340P2K,1033772594
8CN3340P21,1033772598
41DKG84,1033773336
41DKG68,1033774272
8CN3340JHD,1033774427
8CN3340JK1,1033774428
8CN3340JS3,1033774904
8CN3340JTX,1033774919
8CN3340P2N,1033774965
8CN3340P1N,1033774971
8CN3340P1R,1033774972
8CN3340JT2,1033774979
8CN3340P0S,1033774991
8CN3340P1G,1033775101
8CN3340S95,1033775796
8CN3340P2D,1033775798
8CN3340P14,1033775800
8CN3340JHS,1033775815
8CN3340JGK,1033775816
8CN3340P0Z,1033775848
8CN335002G,1033775862
8CN3340S6T,1033775880
8CN3340JTP,1033777408
41DKG77,1033777795
8CN3340S97,1033777847
41DKG83,1033777894
8CN3340JMJ,1033778900
8CN3340S99,1033778901
8CN3340S83,1033779014
8CN335004L,1033780281
8CN3340JW9,1033780309
8CN335004T,1033780319
8CN3340S8F,1033780325
8CN335004D,1033780327
8CN3340S73,1033780335
8CN33500FQ,1033780396
8CN3350030,1033780420
8CN335002T,1033780421
8CN3350004,1033780485
8CN3340JSF,1033780496
8CN335002N,1033780573
8CN3350034,1033780589
8CN3340JQR,1033783455
8CN3340JGW,1033783460
8CN3340JLD,1033783462
8CN3340JJB,1033783464
8CN3340JGP,1033783512
8CN3340JGV,1033783522
8CN3340JKB,1033783526
8CN3340JL9,1033783544
8CN3340JQZ,1033783865
8CN3340JLG,1033783881
8CN3340JKX,1033784193
41DKG72,1033784272
41DKG89,1033784273
41DKG75,1033786048
41DKG80,1033786053
41DKG96,1033786084
41BTP51,1033787780
41DKG86,1033789395
41CCG00,1033789751
41DKG93,1033789772
41DKG78,1033790920
41DKG95,1033790925
41DKG82,1033791133
8CN3340JMN,1033796186
8CN3340S8Q,1033801415
8CN3340JJG,1033801460
8CN3340JHQ,1033801484
8CN3340JRV,1033801485
8CN3340JG8,1033801486
8CN3340JHZ,1033801492
8CN335005D,1033801494
8CN3340JQ7,1033801512
8CN3340S6N,1033801524
8CN3340JN0,1033801642
YL00BAZK,1033801766
8CN3340JGM,1033801810
41DKG85,1033802373
8CN3340JQW,1033804093
8CN3340JH5,1033804094
8CN3340JMW,1033804114
8CN3340JLM,1033804134
8CN3340JJT,1033804140
8CN3340JJZ,1033804143
8CN3340JHX,1033804197
41DKG79,1033804326
8CN3340JSX,1033804331
41DKG91,1033804344
8CN3340JT5,1033804345
8CN3340JQ6,1033804388
8CN3340J6B,1033804400
8CN335001W,1033804445
8CN3340J6F,1033804487
8CN3360GNW,1033804488
8CN3340JHK,1033804502
8CN3360GPY,1033804636
8CN3340JGC,1033804644
8CN3340JGF,1033804649
8CN3340JGY,1033804691
8CN3340JH2,1033805165
8CN3340JVD,1033805168
8CN3340JH6,1033805170
8CN3340P2S,1033805355
8CN3340JT0,1033805360
8CN33500DY,1033805361
8CN3340JVS,1033805385
8CN3340JH7,1033805532
8R49Q93,1033807155
8CN33500GD,1033807268
8CN33500G9,1033809872
41CWM46,1033809934
8CN3340S9X,1034815835
8CN3340S9K,1033810278
8CN3340S5R,1033810497
8CN3350053,1033812452
8CN3360GPF,1033812525
8CN3360GPW,1033812529
8CN3340JNG,1033816319
8CN3340JHB,1033816359
8CN3340JGT,1033816453
8CN3340JJP,1033817183
8CN3360GLY,1033820878
41CRA33,1033823484
41AWB93,1033826779
PF47QV3Z,1033826825
8CN3360GQX,1033826859
8CN3360GQL,1033826927
PF47Q7Q4,1033826990
8CN3360GQZ,1033827115
8CN3360GQ8,1033827354
8CN3360GPQ,1033829409
41BGF44,1033832776
41CZL96,1033833890
PF47V00F,1033835113
41DGN83,1033835140
8CN3340S8S,1033835141
41DKG92,1033835149
41DKG73,1033835151
41CZH11,1033835168
41CHT63,1033835332
8CN335001G,1033835865
41CHR55,1033836601
41CMT25,1033838083
41DDT19,1033838930
8CN3340S5M,1033839008
41DGF65,1033839442
8CN3360GPL,1033839476
8CN335004Y,1033839502
8CN3360GPR,1033839503
8CN3340JJ2,1033842580
41CGY39,1033843062
8CN3360GQG,1033843114
8CN3360GPJ,1033843115
8CN3360GQ2,1033843239
41CZG53,1033843403
41L0DG3,1033845778
PF47QEBV,1033845864
8CN3340JGG,1033849248
8CN3360GR8,1033849250
8CN3360GP6,1033849251
8CN3360GP7,1033849252
41B4792,1033851229
41B5194,1033851230
41B4757,1033851232
41CNT97,1033854123
8CN3360GQC,1033856268
8CN3360GRM,1033856277
41DKG94,1033856692
8CN335003T,1033857824
8CN33500FF,1033857829
8CN3340JGL,1033860345
41CWC33,1033860349
8CN33904LW,1033860383
8CN33904L0,1033860541
8CN3340JSC,1033863096
8CN3340JXS,1033863406
8CN3340S8N,1033863553
8CN33904LD,1033863562
8CN33904MV,1033863567
8CN33904KP,1033863569
8CN33904K3,1033863572
8CN33904L9,1033863573
8CN3340S5Y,1033864544
41CZG86,1033867073
8CN3340P1T,1033867188
41CHT69,1033867445
8CN3340JR8,1033867838
8CN33904KR,1033868423
8CN33904M1,1033871157
41CZG66,1033871244
41CZK71,1033872306
41DGN74,1033872325
MAN0CV120239419,1033881479
41CCF47,1033882324
8CN33904K5,1033883005
8CN33904MN,1033883048
41CZH75,1033884960
41CZG36,1033884994
41CZG91,1033885228
41CZH46,1033889343
41CMA52,1033890544
41CZK24,1033893413
41CZG18,1033893436
41CGH40,1033893571
MP293VBQ,1033894568
8CN33904M4,1033899777
8CN33904LL,1033899876
8CN3360GLW,1033899965
PF47RN7D,1033900035
41B5197,1033902233
41B4893,1033902236
8CN3340S9F,1033902264
8CN33904MB,1033902555
8CN3340S7M,1033903780
8CN3340JH4,1033904427
8CN3340S9H,1033905479
8CN3340JQN,1033906738
8CN3340JH3,1033909319
8CN33904JV,1033919779
8CN33904L6,1033922358
8CN33904KW,1033922457
8CN3340J67,1033922485
8CN3340P2Y,1033922491
8CN3340JGJ,1033922570
41DGN76,1033925055
8CN33904M9,1033925521
8CN33904MK,1033925896
8CN33904KD,1033925906
8CN33904LY,1033931886
8CN33904MH,1033931887
8CN3360GPX,1033938263
8CN3360GPT,1033938269
8CN3360GPK,1033938270
8CN34703FP,1033938474
8CN3340S87,1033939661
8CN3360GPC,1033943360
8CN33904K9,1033946850
41CVV38,1033952405
41CKX06,1033953303
41CZG81,1033955405
41CMT67,1033955557
41CZH12,1033955844
8CN34703G0,1033958293
8CN34703FR,1033958325
41CZG78,1033961559
41CZK31,1033961565
8CN33904MR,1033961580
8CN3360GPN,1033961583
41CZK68,1033961653
41CGX95,1033961684
8CN3360GPB,1033961712
8CN3360GP3,1033961713
8CN3360GQ5,1033961720
41CKY96,1033962298
PF4CASG3,1033963522
41CKY01,1033963563
8CN3360GPP,1033967034
8CN3360GQY,1033967043
41CZH13,1033970097
41CHA89,1033970098
41CZG07,1033970215
41CZH36,1033970217
41DBA67,1033970241
41CZH97,1033970430
41CMD49,1033970508
PF47T206,1033973410
41CZG50,1033978881
41CHF24,1033979007
YL00BAPC,1033981976
8CN3360GQ0,1033982050
8CN3360GPG,1033982086
8CN3360GQW,1033982091
8CN3360GPH,1033982093
8CN3360GP9,1033982097
8CN3360GPD,1033982155
8CN3360GPM,1033982156
8CN3360GLX,1033982157
8CN3360GR0,1033982910
8CN3360GNR,1033982913
8CN3360GQS,1033982914
PF47PMFP,1033985802
PF47RQAM,1033988993
PF47V7C0,1033992252
5CD349GB91,1033992429
41DDV28,1034001896
8CN34703FB,1034004990
8CN34703GH,1034005049
8CN34703GF,1034005149
8CN3360GPS,1034005360
8CN3360GRJ,1034005361
8CN3340S8W,1034005645
8CN3360GR4,1034009091
8CN3360GQ3,1034011294
PF47PT32,1034011313
41CRA34,1034016937
41BTP20,1034019143
41BTN75,1034019797
8CN3360GRB,1034019872
PF47TRLH,1034020281
8CN3340S9M,1034022891
8CN33500FJ,1034022901
S4NG8744,1034022921
8CN3360GQP,1034023020
PF47NZ3T,1034024167
8CN33500G1,1034051074
8CN34900CJ,1034057781
8CN34703GB,1034058686
8CN34703FZ,1034058713
8CN349010X,1034079217
8CN349012P,1034079391
8CN34900CS,1034082508
8CN34900F1,1034084866
8CN34900DR,1034084917
8CN33904L3,1034088969
8CN34703GG,1034089653
8CN34900CP,1034096686
8CN34900C1,1034096701
8CN34900DN,1034096742
8CN349011T,1034096808
41CFN05,1034097771
PF4H9WDM,1034105131
41DGG49,1034111818
1XS4DZ3,1034118847
8CN3490121,1034129119
8CN34900F3,1034129649
8CN349011H,1034136330
41AAC13,1034140027
8CN34900DZ,1034149813
8CN34703G5,1034149889
8CN34900DT,1034149901
8CN34900F2,1034150436
8CN349015M,1034159552
PF4SRZD3,1034162974
8CN34900CY,1034163601
PF4SRX6E,1034172133
8CN34900DB,1034172181
8CN3490136,1034172182
8CN3490171,1034172379
8CN349012C,1034178819
8CN3490111,1034178833
41DDV64,1034178894
8CN34900DY,1034178898
PF4SS1QJ,1034191132
PF4SRZEV,1034191334
5CD405DQ6X,1034191367
8CN349015T,1034191411
PF4SRZED,1034191416
8CN34900CL,1034191443
8CN34900DF,1034191484
41DDT04,1034195755
8CN34703GQ,1034197869
41CZK37,1034199165
8CN402067S,1034202644
8CN40206DQ,1034202646
8CN402066L,1034202734
8CN34900D7,1034202749
8CN402067D,1034202750
8CN34900CK,1034202752
8CN4020685,1034202782
8CN402067G,1034202788
8CN3490157,1034203242
8CN402066F,1034203435
PF47NKTK,1034205123
8CN402067B,1034205238
8CN402068L,1034209265
8CN402067R,1034209317
8CN402066V,1034209355
8CN402066H,1034209390
41BDA66,1034209535
8CN34703G4,1034215141
8CN4020694,1034219192
8CN402067N,1034219219
8CN4020686,1034219354
8CN402066Q,1034219387
8CN402068B,1034219388
8CN402069L,1034219449
8CN402067Y,1034219450
8CN402067Z,1034219506
8CN4020676,1034219519
8CN40206CP,1034219564
8CN402066Y,1034219620
8CN402069D,1034219635
8CN402067W,1034219674
8CN4020689,1034219746
41BTP92,1034222530
8CN402067F,1034226042
8CN402067J,1034231087
8CN402066R,1034233839
8CN402066M,1034238455
8CN40206BF,1034238509
8CN40206D5,1034238514
8CN402069Z,1034238524
8CN40206B0,1034238582
8CN4020681,1034238804
8CN402067V,1034238881
8CN4020691,1034238907
8CN40206B3,1034238994
CZC54818DG,1034243918
8CN40206DN,1034254059
8CN40206D9,1034254168
8CN40206D2,1034254174
8CN402069T,1034254178
8CN40206DF,1034254209
8CN402067M,1034254318
8CN4020683,1034254339
8CN4020684,1034254381
8CN4020687,1034254700
8CN402067T,1034254733
8CN402067K,1034254753
8CN402066S,1034254787
8CN402067L,1034254897
8CN4020677,1034254898
8CN4020688,1034254902
8CN40206DK,1034255004
8CN4020673,1034255123
8CN402066G,1034255918
PF47QFNN,1034262917
8CN402067Q,1034270253
8CN402066T,1034271748
8CN402069P,1034271749
8CN349010T,1034271803
8CN402066K,1034271805
41BTN45,1034271875
8CN4020678,1034271915
8CN4020682,1034271934
8CN40206DG,1034271955
41BTP87,1034272047
8CN4020675,1034278968
41CLF34,1034279355
41CWB56,1034280001
41CWB66,1034280303
8CN402066D,1034282077
8CN402067H,1034332655
8CN402067C,1034285927
8CN402066P,1034285972
8CN4020671,1034286062
8CN34900C0,1034286065
8CN34703FQ,1034289253
8CN3360GP0,1034289647
8CN34703G9,1034289810
8CN34703FT,1034290142
8CN34703G3,1034291835
8CN34703FW,1034293065
8CN34703GL,1034293067
8CN34703F9,1034293068
8CN34703FK,1034293070
8CN34703F6,1034293301
8CN34703FS,1034293310
8CN34703F7,1034296273
8CN34703G1,1034296274
8CN34703FF,1034296395
8CN34703FC,1034296466
8CN34703FG,1034296699
8CN34703FD,1034309788
8CN34703FJ,1034309789
8CN34703GC,1034310239
8CN34900C4,1034312951
8CN34703FM,1034312970
8CN34703FL,1034316607
8CN34703G8,1034316631
8CN34703FX,1034316632
8CN3340JGZ,1034316676
8CN34703G2,1034316680
8CN34703G6,1034316698
8CN34703FH,1034319805
PF4YAY2Q,1034322885
PF4YB2KT,1034322905
41CHR56,1034325462
8CN34703FN,1034325518
8CN34703GK,1034325519
8CN41404R5,1034325520
8CN41404QS,1034325607
8CN41404QZ,1034329485
8CN41404PC,1034329486
8CN34900CF,1034329502
41CZH77,1034329536
8CN34900C9,1034329540
8CN41404R1,1034329926
41CZH64,1034330166
8CN41404RL,1034332682
8CN41404R6,1034332719
8CN41404PM,1034333002
8CN41404MN,1034333007
8CN41404QP,1034333008
8CN41404NB,1034333179
8CN41404QL,1034333180
8CN41404RK,1034333185
PF47TBZV,1034333289
8CN34900DH,1034339128
PF4YS9YP,1034339135
41BFM95,1034342175
8CN34900CG,1034342258
8CN34900C3,1034342259
8CN3340S9Z,1034342402
PF47P1BW,1034342718
8CN41403VZ,1034342773
8CN41404QT,1034342780
8CN34900CH,1034342937
8CN34900CN,1034342958
8CN34900CB,1034342972
8CN34900CX,1034342974
41DDV54,1034344839
8CN41404QJ,1034345387
5CD3486BRB,1034345845
8CN41403Z0,1034345966
8CN41404R9,1034346010
8CN34900C5,1034346828
8CN34900C2,1034349901
8CN34900C7,1034349905
CZC4524383,1034350102
8CN41404RH,1034350196
8CN41404QK,1034350234
41CTR80,1034352350
41CNV34,1034352450
8CN41404RB,1034352507
8CN41404P5,1034352510
8CN4140478,1034352530
8CN41404M2,1034352533
8CN41404MS,1034352539
8CN41404PY,1034352540
8CN41404PL,1034352545
8CN41404QC,1034352547
8CN41404QQ,1034352574
8CN41404QR,1034352585
8CN41404PS,1034356304
8CN41404N9,1034356306
8CN41404NH,1034356755
8CN41404Q7,1034356757
8CN41404Q5,1034356784
8CN41404PG,1034357154
8CN34900CQ,1034358839
8CN40206B8,1034358915
8CN4020674,1034359044
8CN34900DC,1034359793
8CN402069X,1034360117
8CN41404N4,1034362624
8CN41404NV,1034362625
8CN41404N5,1034362633
8CN41404ND,1034362637
8CN41404P8,1034363116
8CN41404P0,1034363121
8CN41404N0,1034363126
8CN41404P9,1034363127
8CN41404Q9,1034363128
8CN41404NM,1034363145
8CN41403TC,1034363159
8CN34703GS,1034365525
8CN34703FV,1034365711
8CN41404MQ,1034365753
8CN41404MC,1034365754
8CN414047C,1034365755
41CZH83,1034365900
8CN41404R4,1034365907
41CZG67,1034367428
8CN41404R0,1034372772
8CN41404NT,1034372784
8CN41404M9,1034372825
8CN41404MD,1034372842
8CN40206D0,1034373219
41CWR15,1034375309
41BGF82,1034375315
41BGF65,1034375317
8CN41404MZ,1034375405
8CN41404M7,1034375408
8CN41404MV,1034375412
8CN41404MX,1034375758
8CN41404M6,1034375760
8CN41404MF,1034375764
8CN41404M8,1034378137
8CN41403XD,1034378254
8CN41404PX,1034378306
8CN41404Q1,1034378310
8CN41404PR,1034378323
41L09PK,1034381618
8CN41404MP,1034392425
8CN414046P,1034392426
8CN41404MK,1034392428
8CN414046K,1034393171
8CN41404MH,1034393173
8CN4140471,1034393174
8CN41404MY,1034395637
8CN41404RC,1034395683
8CN41403W5,1034395684
8CN41403ZN,1034402121
4C70LQ2,1034408000
8CN41404NJ,1034408209
8CN41404NN,1034408231
8CN41404QW,1034408238
8CN41403VR,1034408246
8CN41404QN,1034408247
8CN41404N8,1034408250
8CN41404Q2,1034408258
8CN41404R2,1034408260
8CN41404Q4,1034408315
8CN3340S9S,1034408322
8CN41404QX,1034408368
8CN41404PP,1034408388
8CN41404NC,1034408415
41F0172,1034410480
8CN41404PF,1034410817
8CN41404NL,1034410850
41F0171,1034412970
41F0173,1034412987
7Y0NJ34,1034416933
301NJ34,1034416940
8CN3340JPV,1034417050
8CN34900DG,1034417456
8CN41404QM,1034417460
8CN41404R3,1034417461
8CN41404NF,1034417624
8CN34900C8,1034417715
8CN41404NW,1034417869
8CN34900BZ,1034419580
8CN41404QH,1034419606
41CLN10,1034419670
41CWA93,1034422007
8CN34900DJ,1034424612
8CN41404PN,1034427247
8CN41404RD,1034430387
8CN414046W,1034430391
8CN41404QV,1034430393
8CN41404RF,1034430394
8CN41404QY,1034430395
8CN414047F,1034430402
8CN414046S,1034430453
41CHP46,1034431213
PF4Y93WY,1034432998
41CHR76,1034433425
41BTP54,1034434663
41BTP68,1034436194
8CN41404NG,1034444704
8CN41403YT,1034444744
8CN41403SQ,1034444748
8CN34900CM,1034444771
8CN41403T6,1034444966
8CN414041H,1034444967
8CN414042G,1034444970
8CN4140473,1034445075
8CN41403TT,1034445129
8CN414040R,1034445535
8CN41403WN,1034445814
8CN41404QD,1034445822
8CN41403XV,1034445964
8CN414042B,1034448129
8CN4140436,1034448144
8CN41404PK,1034448186
8CN41404N3,1034448288
8CN4140409,1034448921
8CN41403SW,1034448930
8CN41403WX,1034449045
8CN414043M,1034449048
8CN41403X4,1034449052
8CN41404Q8,1034451271
8CN41404RG,1034454129
8CN41403YQ,1034457094
8CN41403T2,1034457097
8CN4140424,1034457098
8CN4140417,1034457135
8CN41403YC,1034457136
8CN34900CD,1034460185
8CN34900D9,1034460186
8CN34900D3,1034460188
8CN34900F0,1034460233
8CN41403TZ,1034465777
8CN34900CZ,1034466082
8CN41403VK,1034466276
8CN34900D6,1034468844
8CN41403WK,1034471250
8CN41404R8,1034471313
8CN34900CT,1034471341
8CN34900D4,1034471342
8CN34900BY,1034471370
8CN34900D8,1034471371
8CN34900DP,1034471432
JLZ0V34,1034476837
4LZ0V34,1034479020
R90XVC4Q,1034479116
41B4793,1034483880
GM0CBW8Z,1034486654
41DGG18,1034486679
8CN3340JK4,1034486873
8CN402067P,1034487137
41CTB09,1034488970
41F6615,1034489109
8CN34900CR,1034489111
8CN34900CC,1034489248
8CN41404PD,1034491330
8CN41404P4,1034491349
8CN41404PW,1034491352
PF47TRR6,1034496222
41CFM63,1034525937
41CFN33,1034526596
41CZG72,1034528723
41CPV65,1034546058
41CMR82,1034546321
75QPLB3,1034551232
41CCG31,1034554542
41CCF05,1034555458
8CN43204Y1,1034559887
8CN4320513,1034559997
8CN43204TB,1034562144
8CN4320518,1034562145
8CN43204S9,1034562277
8CN432052Q,1034562397
8CN432050R,1034562407
8CN43204RL,1034563693
8CN41404NR,1034563709
8CN41404NS,1034564303
8CN41404N7,1034564309
8CN414046G,1034564310
8CN43204Z9,1034569322
8CN43204V2,1034569323
8CN43204TZ,1034569336
8CN43204RQ,1034569399
8CN43204ZN,1034569494
8CN43204SL,1034569546
8CN43204TC,1034570580
8CN43204W7,1034570752
41CXG27,1034573998
8CN3340JLJ,1034574006
8CN43204SJ,1034574445
8CN432051W,1034574800
8CN43204SR,1034574855
8CN4020672,1034577676
8CN40206D7,1034578974
8CN3340S7C,1034582814
8CN34900BX,1034582822
8CN34900DK,1034583316
8CN34900D0,1034583333
8CN43204RK,1034586491
8CN43204S2,1034584150
41CFN36,1034584376
41CFG60,1034584381
8CN43204XB,1034585709
8CN402069S,1034585912
8CN43204YY,1034586212
8CN41404NZ,1034586295
8CN402068R,1034586371
8CN34900DM,1034586458
8CN34900D5,1034586473
41DDR39,1034587381
8CN402066Z,1034587596
8CN4020680,1034587918
41CMC30,1034588413
41DGF58,1034589114
8CN34900CW,1034589210
8CN349012J,1034589479
8CN4020698,1034589502
8CN402066N,1034589873
8CN40206DV,1034590283
8CN349014S,1034591840
41DDT06,1034592934
8CN349014B,1034593123
8CN3490145,1034593125
8CN349012V,1034595341
8CN34900DS,1034595346
8CN3490116,1034595369
41DDR96,1034595694
8CN349015G,1034598683
8CN41404M3,1034598767
8CN41404ML,1034598768
8CN34900DD,1034599248
8CN43204Y6,1034600099
8CN4320515,1034600471
8CN43204VX,1034600527
8CN43202VB,1034601082
8CN43204TV,1034601099
8CN43204RS,1034601104
8CN43204TX,1034604094
8CN43204SG,1034605427
8CN43202V8,1034606829
8CN414041S,1034606910
8CN414040Y,1034606926
41CHR67,1034616394
8CN43204XQ,1034617429
8CN43204TD,1034617433
8CN414047J,1034617540
8CN41404P3,1034620422
8CN41404P2,1034620560
8CN43204VQ,1034620605
8CN43204VN,1034620609
8CN43204ZZ,1034620612
8CN43204T1,1034620617
8CN43204T5,1034620618
8CN43204XM,1034620620
8CN43204S1,1034621039
41BTN94,1034624498
41BTP89,1034625445
41CNT88,1034627945
41DDV56,1034627960
8CN43204X3,1034628053
8CN43204S0,1034628173
8CN43204RX,1034628175
8CN43204WL,1034628176
8CN432051Z,1034628179
8CN43204TQ,1034628183
8CN43202V9,1034628185
8CN43204RV,1034628188
8CN43204RW,1034628189
8CN43204V9,1034628200
8CN43204V7,1034628201
8CN43204RM,1034628246
8CN4320504,1034628254
8CN43204VH,1034628259
8CN43204VF,1034628264
8CN43204Z5,1034634602
8CN432052J,1034634665
8CN43204VC,1034634666
8CN43204SD,1034634740
8CN432050H,1034635001
8CN432051C,1034635063
8CN43204RR,1034635067
8CN43204VK,1034635090
8CN43204V4,1034636993
41BTN59,1034637082
8CN43204RJ,1034637175
8CN43204W9,1034637214
41BTN62,1034637251
8CN43204YM,1034640214
8CN43204RZ,1034640228
8CN43204WS,1034640230
8CN43204S6,1034642088
8CN43204S3,1034642096
8CN43204WH,1034642126
8CN4320510,1034648451
8CN4320534,1034648478
8CN43204Y4,1034648497
8CN43204WD,1034648535
8CN43204S8,1034648625
8CN43204WG,1034648627
8CN432052Z,1034648639
8CN43204W4,1034648655
8CN43204SP,1034648714
8CN43204TJ,1034648715
8CN43204TG,1034648718
8CN43204XV,1034648727
8CN43204T8,1034648776
8CN432052G,1034659898
8CN432053B,1034665490
8CN432050N,1034665568
8CN43204XX,1034665677
8CN432051K,1034666170
8CN43204ZK,1034667947
41L0DL9,1034668459
8CN432052S,1034668541
8CN4320526,1034668599
8CN43204X1,1034670813
8CN43204VL,1034671065
41CHR94,1034672326
PF47V748,1034673428
PF47V6N6,1034673436
41DGF97,1034675612
8CN432051Q,1034680253
8CN432050G,1034680255
8CN43204XS,1034680257
8CN43204YS,1034680276
8CN43204T3,1034680372
8CN43204XD,1034680385
8CN43204Y2,1034680395
8CN4320528,1034680396
8CN43204Z1,1034680398
8CN34703GN,1034683772
8CN43204WQ,1034687840
8CN34900CV,1034689544
8CN4020670,1034689595
8CN402069J,1034689680
41CGV49,1034689885
8CN43204ZR,1034690425
8CN432052L,1034690447
8CN43204WV,1034690448
8CN4320521,1034690596
8CN43204YC,1034691678
8CN43204VS,1034695908
8CN43204Y9,1034695963
8CN43204YK,1034696389
8CN43204RN,1034696707
8CN43204Z2,1034696740
8CN43204TL,1034697322
8CN432051G,1034697831
8CN4320506,1034697956
8CN414046B,1034700648
8CN41404QB,1034700656
8CN43204WY,1034701254
8CN43204X6,1034701979
41CWP81,1034703316
41CNK34,1034705812
41AYL94,1034711642
8CN402068H,1034713795
8CN4320523,1034714683
8CN4020679,1034715106
8CN3350049,1034716690
8CN34703F8,1034717161
41B4917,1034730081
41F0174,1034730082
8CN41404MW,1034734336
8CN4450HQF,1034740538
8CN4450J3M,1034740540
8CN4430B03,1034742537
41CNX30,1034754868
8CN41404P1,1034759708
41DDV07,1034759725
8CN41404NX,1034759732
8CN41404PZ,1034759825
41AWA90,1034768274
8CN44401PG,1034769440
41CCF08,1034770651
8CN4450HQJ,1034774015
8CN4450J0Y,1034774021
8CN4450HQP,1034774475
8CN4450J3L,1034774544
8CN4450J3D,1034775278
8CN4450J12,1034775279
8CN4450HQH,1034775434
8CN4450J1F,1034775448
8CN4450J31,1034775458
8CN4450J2K,1034775474
8CN4450J1N,1034775522
8CN4450J2C,1034775526
8CN44309XD,1034782087
8CN41404MJ,1034782927
8CN41404MG,1034783839
8CN41404R7,1034783886
8CN402066W,1034784276
8CN40206DS,1034784326
8CN44309QS,1034784376
8CN44309RX,1034784380
8CN44401C6,1034784426
8CN44309WD,1034784472
8CN44401DF,1034784473
8CN44401JC,1034784575
8CN44309TC,1034784672
8CN444017Y,1034784680
8CN44309V9,1034784708
8CN40206CX,1034784897
8CN402068P,1034785026
8CN349012Z,1034786524
8CN44309T9,1034796694
8CN44401NT,1034786970
8CN44309V1,1034790316
8CN44309R1,1034790336
8CN4430B0N,1034787006
8CN44401PZ,1034794093
8CN44401PB,1034790093
8CN44309Q3,1034790326
8CN44309SK,1034790320
8CN4430B1C,1034793227
8CN44401GB,1034793229
8CN44401PK,1034793238
8CN44309XN,1034793244
8CN44309P3,1034793297
8CN4430B12,1034793828
8CN44401P2,1034793819
8CN44309VD,1034793734
8CN4450J3Q,1034795880
8CN4450HQS,1034795896
8CN4450HQK,1034795934
8CN4450J33,1034796039
8CN4450J16,1034796045
8CN4450J37,1034796063
8CN4140430,1034796329
8CN44309V3,1034804182
8CN444018H,1034804181
8CN44401CF,1034801262
8CN4430B21,1034796511
8CN44401GH,1034796513
8CN44309VP,1034796631
8CN44401JQ,1034804215
8CN44309RT,1034804185
8CN44309P1,1034801385
8CN44309P6,1034804232
8CN41404PB,1034796664
8CN41403ZV,1034796673
8CN4450J0H,1034801893
8CN4450J26,1034803897
8CN349013M,1034804058
8CN444019G,1034867375
8CN44401HG,1034804445
41CMB89,1034806806
8CN4450J07,1034810316
8CN335003G,1034812539
8CN4450J0L,1034812706
8CN4450J17,1034812829
8CN4450J3B,1034812837
8CN4450J3F,1034813659
8CN4450J2T,1034813694
8CN4450J2H,1034814003
8CN4450J2W,1034814005
8CN4450J34,1034814198
8CN4450J3C,1034814213
8CN4450J39,1034814231
8CN4450J1J,1034814274
8CN4450J3K,1034817197
8CN4450HQM,1034817338
8CN4450HQ5,1034817402
8CN3490166,1034818015
8CN4450J1C,1034818080
8CN4450J25,1034818984
8CN4450HQ3,1034819047
8CN4450J2M,1034830870
8CN4450HR3,1034831535
8CN4450HQ4,1034832686
8CN4450HQD,1034833328
8CN4450J0J,1034841669
BY0YT34,1034844609
8CN4450HR1,1034846209
8CN4450HQB,1034846225
8CN4450HQC,1034846226
8CN4450HQ9,1034846232
8CN4450J19,1034846245
8CN4450HQ6,1034847574
8CN4450J2F,1034848215
8CN4450J0B,1034849276
8CN4450J29,1034851688
8CN4450J3H,1034852773
8CN4450HQ7,1034852809
8CN4320538,1034854773
8CN4450HQ8,1034855242
8CN4450HQG,1034855370
8CN4450J3J,1034855371
41BTP27,1034855389
41CWA95,1034857649
8CN4080BW8,1034857770
8CN349013F,1034860890
8CN43204XZ,1034864273
8CN44401P7,1034867333
8CN44309Y1,1034870777
8CN44309X8,1034867337
8CN4430B17,1034867346
8CN44309X6,1034867339
PF5F5ZQ3,1034868115
8CN4450J0V,1034871568
41DDT05,1034872447
8CN4450J0D,1034873795
8CN41404PJ,1034877258
8CN41404QG,1034877715
8CN4450HQV,1034880586
8CN4450J3P,1034880762
