id,serviceTag
1034118847,1XS4DZ3
1034416940,301NJ34
1034140027,41AAC13
1034773891,41AMH71
1034253231,41AVZ80
1034768274,41AWA90
1032015794,41AXM91
1032236277,41AXM92
1034711642,41AYL94
1033851232,41B4757
1033758935,41B4779
1033851229,41B4792
1034483880,41B4793
1033902236,41B4893
1033758938,41B4902
1034730081,41B4917
1033851230,41B5194
1033902233,41B5197
1031676522,41BBM19
1031676227,41BBR87
1031266430,41BBW74
1031266461,41BBW75
1031289765,41BCR40
1031272507,41BCR41
1031271346,41BCR42
1031257180,41BCR43
1031271343,41BCR44
1031319231,41BCR45
1031316913,41BCR47
1031309016,41BCR48
1031272600,41BCR49
1031253437,41BCY58
1031312846,41BDA33
1031281291,41BDA34
1031271345,41BDA35
1032504819,41BDA36
1031324042,41BDA37
1031251062,41BDA38
1031298163,41BDA39
1031281270,41BDA40
1031361175,41BDA41
1031961598,41BDA42
1031272195,41BDA43
1031419036,41BDA44
1031266694,41BDA45
1031298091,41BDA46
1031257176,41BDA47
1031271315,41BDA48
1031316911,41BDA50
1031263559,41BDA52
1031316909,41BDA53
1031294277,41BDA54
1031289764,41BDA55
1031312949,41BDA56
1031253387,41BDA57
1031266582,41BDA58
1031261992,41BDA59
1031257181,41BDA60
1031271386,41BDA61
1031254007,41BDA62
1031253417,41BDA63
1031968772,41BDA64
1034209535,41BDA66
1031257179,41BDA67
1031298292,41BDA68
1031723335,41BFM11
1031617359,41BFM12
1033067745,41BFM13
1031826554,41BFM14
1031642644,41BFM15
1031600276,41BFM16
1031846108,41BFM17
1031676568,41BFM18
1032884189,41BFM19
1031787944,41BFM20
1031723354,41BFM21
1031639186,41BFM22
1032376281,41BFM23
1031617105,41BFM24
1031905986,41BFM25
1032521464,41BFM26
1032376336,41BFM28
1031840607,41BFM29
1032257553,41BFM30
1031601614,41BFM31
1031855258,41BFM32
1031638922,41BFM33
1032376494,41BFM34
1031752620,41BFM35
1031654501,41BFM36
1031846688,41BFM37
1031753283,41BFM38
1031717807,41BFM39
1031855003,41BFM40
1031341911,41BFM41
1031642901,41BFM42
1031846100,41BFM43
1031337127,41BFM44
1031676570,41BFM45
1031620544,41BFM46
1032376480,41BFM47
1032052102,41BFM48
1031805964,41BFM49
1031906859,41BFM50
1031972728,41BFM51
1031793206,41BFM52
1031775804,41BFM53
1032327535,41BFM54
1031676569,41BFM55
1031805965,41BFM56
1032376344,41BFM58
1033202842,41BFM59
1031855333,41BFM60
1031342451,41BFM61
1032212673,41BFM62
1031793216,41BFM63
1032257544,41BFM64
1032845099,41BFM65
1031752621,41BFM67
1031744524,41BFM69
1032376507,41BFM70
1033400550,41BFM71
1031642548,41BFM72
1031639008,41BFM73
1032718771,41BFM74
1031744523,41BFM76
1031620006,41BFM77
1031620536,41BFM78
1031717759,41BFM79
1031337213,41BFM80
1031775816,41BFM81
1031337158,41BFM82
1031639205,41BFM83
1031972674,41BFM84
1031727558,41BFM85
1031752619,41BFM87
1031717806,41BFM89
1031846101,41BFM90
1031642623,41BFM91
1031925078,41BFM92
1031422816,41BFM93
1031620541,41BFM94
1034342175,41BFM95
1032153558,41BFM96
1031616331,41BFM97
1031723336,41BFM98
1031736404,41BFM99
1031840604,41BFN00
1032376312,41BFN01
1031736408,41BFN02
1031620353,41BFN03
1031422787,41BFN04
1031347379,41BFN06
1031727559,41BFN07
1032376333,41BFN08
1032139364,41BFN09
1031415802,41BFN10
1031444489,41BGF42
1031446673,41BGF43
1033832776,41BGF44
1031460664,41BGF45
1031563049,41BGF48
1031686927,41BGF49
1031754855,41BGF50
1031578895,41BGF51
1031604213,41BGF52
1031615507,41BGF53
1031824302,41BGF54
1031600628,41BGF55
1031579011,41BGF56
1031601830,41BGF57
1031615516,41BGF58
1031860424,41BGF59
1031804823,41BGF60
1031460662,41BGF61
1031615518,41BGF62
1031600446,41BGF63
1031744522,41BGF64
1034375317,41BGF65
1031594315,41BGF66
1033747260,41BGF68
1031601082,41BGF69
1031604171,41BGF70
1031778076,41BGF71
1031594234,41BGF73
1031563048,41BGF74
1031600249,41BGF75
1031826797,41BGF76
1031892624,41BGF77
1031594933,41BGF78
1031578687,41BGF79
1031444508,41BGF80
1031615519,41BGF81
1034375315,41BGF82
1033744693,41BGF83
1034119326,41BGF84
1031600407,41BGF85
1031705167,41BGF86
1031615520,41BGF87
1031753912,41BGF88
1031717972,41BGF89
1031891911,41BGY05
1032314024,41BRD82
1032139536,41BTM30
1031966145,41BTN32
1032154079,41BTN33
1031938370,41BTN34
1032164803,41BTN35
1032649562,41BTN36
1032203442,41BTN38
1032143584,41BTN40
1032111785,41BTN41
1032420205,41BTN44
1034271875,41BTN45
1031838087,41BTN46
1031934753,41BTN47
1032139475,41BTN48
1032150952,41BTN49
1031851917,41BTN50
1031855103,41BTN51
1032214965,41BTN52
1032203445,41BTN53
1032200638,41BTN55
1032220049,41BTN57
1034637082,41BTN59
1032120299,41BTN60
1031852265,41BTN61
1034637251,41BTN62
1032198744,41BTN63
1032135824,41BTN64
1032200646,41BTN67
1032125969,41BTN68
1031852267,41BTN69
1032139616,41BTN71
1032215288,41BTN72
1034019797,41BTN75
1032154080,41BTN76
1032194689,41BTN77
1031850532,41BTN78
1032173131,41BTN79
1032098065,41BTN80
1032175366,41BTN81
1032288553,41BTN82
1031855109,41BTN84
1031851631,41BTN85
1031850551,41BTN86
1032203817,41BTN88
1032203441,41BTN89
1032150951,41BTN90
1031837225,41BTN91
1032139618,41BTN92
1034624498,41BTN94
1031855113,41BTN95
1032130921,41BTN96
1032143499,41BTN97
1032235984,41BTN98
1031852147,41BTN99
1032198741,41BTP00
1032235717,41BTP01
1032930995,41BTP02
1032220043,41BTP03
1032266280,41BTP04
1031982833,41BTP05
1032190953,41BTP07
1032098063,41BTP09
1031855465,41BTP10
1032221155,41BTP11
1032219190,41BTP12
1032707015,41BTP13
1032196183,41BTP15
1032191736,41BTP16
1031982838,41BTP17
1031837249,41BTP18
1034019143,41BTP20
1032191737,41BTP21
1032007027,41BTP23
1031838089,41BTP24
1032196185,41BTP26
1034855389,41BTP27
1032135825,41BTP28
1032194686,41BTP29
1033787780,41BTP51
1031837094,41BTP52
1034434663,41BTP54
1032143585,41BTP56
1032220042,41BTP58
1032104221,41BTP60
1032104410,41BTP61
1031935936,41BTP66
1032420203,41BTP67
1034436194,41BTP68
1033117111,41BTP71
1032190943,41BTP73
1033175678,41BTP74
1032139265,41BTP76
1032707143,41BTP77
1032540782,41BTP80
1032410263,41BTP81
1032045935,41BTP82
1032546467,41BTP83
1034272047,41BTP87
1034625445,41BTP89
1032015755,41BTP90
1032470766,41BTP91
1034222530,41BTP92
1032125965,41BTP94
1031838197,41BTP95
1031850527,41BTP96
1031850563,41BTP98
1032125964,41BTP99
1032427010,41CCD73
1032646087,41CCD74
1032642149,41CCD75
1032220924,41CCD76
1032354854,41CCD77
1033292347,41CCD78
1032223393,41CCD79
1032383563,41CCD80
1032383338,41CCD81
1032236426,41CCD82
1032487949,41CCD83
1032292700,41CCD84
1032212136,41CCD85
1032411725,41CCD86
1032218753,41CCD87
1032439289,41CCD88
1032292562,41CCD89
1032292698,41CCD90
1032220910,41CCD92
1034817704,41CCD94
1032504828,41CCD95
1032620388,41CCD96
1032275874,41CCD97
1032638537,41CCD98
1032246350,41CCD99
1032225045,41CCF00
1032383372,41CCF01
1032259085,41CCF02
1033014705,41CCF03
1033196852,41CCF04
1034555458,41CCF05
1032646065,41CCF07
1034770651,41CCF08
1032635261,41CCF09
1032605122,41CCF10
1032235712,41CCF11
1032471800,41CCF12
1032642129,41CCF13
1032430553,41CCF14
1032635197,41CCF15
1032212001,41CCF16
1032223336,41CCF17
1032298605,41CCF18
1032221166,41CCF19
1032951835,41CCF20
1032236280,41CCF21
1032470974,41CCF22
1032646063,41CCF23
1032310283,41CCF24
1032516169,41CCF25
1032212465,41CCF26
1032436317,41CCF27
1032246355,41CCF28
1032225153,41CCF29
1032642148,41CCF30
1032364729,41CCF31
1032646088,41CCF32
1032212190,41CCF35
1032437181,41CCF36
1032471709,41CCF38
1033067751,41CCF39
1032307225,41CCF40
1032612922,41CCF42
1032643023,41CCF43
1032487973,41CCF44
1032635258,41CCF45
1032646154,41CCF46
1033882324,41CCF47
1032357869,41CCF49
1032284521,41CCF50
1032223354,41CCF51
1032642135,41CCF52
1032415753,41CCF53
1032264114,41CCF54
1032299460,41CCF55
1032638552,41CCF56
1032639086,41CCF57
1032326074,41CCF58
1032638610,41CCF59
1032321977,41CCF60
1032638582,41CCF62
1032236286,41CCF63
1032426943,41CCF64
1032212219,41CCF65
1032259063,41CCF66
1032357876,41CCF67
1032488366,41CCF68
1032344626,41CCF69
1032739924,41CCF70
1033014777,41CCF71
1032643142,41CCF72
1032326075,41CCF73
1032642105,41CCF74
1032307938,41CCF76
1032427144,41CCF77
1032639118,41CCF80
1032259070,41CCF81
1032638539,41CCF82
1032429639,41CCF83
1032602831,41CCF84
1032343477,41CCF85
1032582919,41CCF86
1032244140,41CCF87
1034806747,41CCF88
1032639041,41CCF89
1032638551,41CCF90
1032582950,41CCF91
1032354877,41CCF92
1032475441,41CCF93
1032638662,41CCF94
1032383357,41CCF96
1032224769,41CCF98
1032236584,41CCF99
1033789751,41CCG00
1032643278,41CCG01
1032642156,41CCG02
1032246339,41CCG03
1032635086,41CCG04
1032639135,41CCG05
1032416192,41CCG06
1032439169,41CCG07
1032413885,41CCG08
1032299742,41ccg09
1033183004,41CCG10
1032259077,41CCG11
1032900814,41CCG12
1032216140,41CCG13
1032599259,41CCG14
1032321966,41CCG15
1032612921,41CCG16
1032298895,41CCG17
1032223337,41CCG18
1032235722,41CCG20
1032415754,41CCG21
1032430551,41CCG22
1032216161,41CCG23
1032259068,41CCG24
1032288614,41CCG25
1032275879,41CCG26
1032591810,41CCG27
1032284437,41CCG28
1032220827,41CCG29
1032646062,41CCG30
1034554542,41CCG31
1032642155,41CCG32
1032667274,41CFG43
1032742381,41CFG44
1032763232,41CFG45
1033071413,41CFG46
1032667234,41CFG47
1032762142,41CFG48
1032643205,41CFG49
1032804341,41CFG50
1032660519,41CFG51
1032762086,41CFG53
1032774164,41CFG56
1032660523,41CFG57
1032915597,41CFG58
1032657065,41CFG59
1034584381,41CFG60
1033635789,41CFG62
1032657064,41CFG63
1032646238,41CFG65
1032657063,41CFG66
1032763439,41CFG67
1034525937,41CFM63
1032643148,41CFM64
1032602840,41CFM65
1032557107,41CFM66
1032643246,41CFM67
1032570259,41CFM68
1032448593,41CFM69
1032646173,41CFM70
1032549806,41CFM71
1032661408,41CFM73
1033145971,41CFM74
1032575067,41CFM76
1032484592,41CFM78
1032540171,41CFM79
1032742580,41CFM80
1032663508,41CFM81
1032663505,41CFM82
1032568255,41CFM83
1032560589,41CFM84
1032563419,41CFM85
1032660566,41CFM87
1032635371,41CFM88
1032660525,41CFM89
1033071414,41CFM90
1032605140,41CFM91
1032667385,41CFM93
1032657551,41CFM94
1032660468,41CFM95
1032635076,41CFM96
1032646061,41CFM97
1032568059,41CFM99
1032451723,41CFN00
1032570248,41CFN01
1032524868,41CFN03
1032642651,41CFN04
1034097771,41CFN05
1032643192,41CFN06
1032524832,41CFN08
1032575069,41CFN09
1032660543,41CFN10
1032575066,41CFN11
1032670113,41CFN12
1032660573,41CFN14
1032560820,41CFN15
1032657278,41CFN16
1032451724,41CFN17
1032850349,41CFN18
1032628639,41CFN19
1032567666,41CFN20
1032563448,41CFN21
1032657152,41CFN22
1034526596,41CFN33
1032557106,41CFN35
1034584376,41CFN36
1032774046,41CFN37
1032635074,41CFN38
1032660477,41CFN40
1032635325,41CFN41
1032633183,41CFN43
1032640251,41CFN44
1032522523,41CFN45
1032667379,41CFN46
1032646175,41CFN47
1032635077,41CFN49
1032657540,41CFN51
1032568055,41CFN52
1032646172,41CFN53
1032549965,41CFN54
1032670117,41CFN55
1032871039,41CFV57
1032892967,41CFV59
1032870438,41CFW58
1031062159,41CFX28
1032874485,41CFX41
1033893571,41CGH40
1032905545,41CGV45
1034689885,41CGV49
1033667263,41CGX19
1032753142,41CGX28
1032529533,41CGX91
1033961684,41CGX95
1033843062,41CGY39
1033970098,41CHA89
1032563475,41CHA95
1033739728,41CHB48
1033555363,41CHD61
1033979007,41CHF24
1033196569,41CHP35
1033238445,41CHP36
1033238168,41CHP37
1032999167,41CHP38
1032643130,41CHP40
1032920388,41CHP41
1032786427,41CHP42
1032871642,41CHP43
1032914666,41CHP44
1032940314,41CHP45
1034431213,41CHP46
1032646186,41CHP47
1032880052,41CHP48
1032867460,41CHP49
1033214011,41CHP50
1033085435,41CHP51
1033302363,41CHP52
1032945930,41CHP53
1033162784,41CHP54
1032804522,41CHP55
1033220985,41CHP56
1032945463,41CHP57
1032877036,41CHP58
1032546642,41CHP59
1033014586,41CHP60
1033206469,41CHP61
1033113040,41CHP62
1032940451,41CHP63
1032549801,41CHP64
1033195981,41CHP65
1032633472,41CHP66
1032914665,41CHP67
1032786432,41CHP68
1032633116,41CHP69
1033563806,41CHP71
1033196566,41CHP73
1033240947,41CHP74
1033231266,41CHP75
1032816089,41CHP76
1033178864,41CHP77
1032800655,41CHP78
1032942360,41CHP79
1033237534,41CHP80
1032942368,41CHP81
1033172259,41CHP82
1033192811,41CHP83
1032969766,41CHP84
1033240553,41CHP85
1032871641,41CHP86
1033162785,41CHP87
1033132080,41CHP88
1032877110,41CHP89
1032546927,41CHP90
1033132063,41CHP91
1032962574,41CHP92
1033214109,41CHP93
1032908253,41CHP94
1033162954,41CHP95
1033059335,41CHP96
1033192924,41CHP97
1032635377,41CHP98
1033036309,41CHP99
1033131897,41CHR00
1033162787,41CHR01
1032628624,41CHR02
1032646095,41CHR03
1032901038,41CHR04
1032880096,41CHR05
1033178856,41CHR06
1032889768,41CHR07
1032484609,41CHR08
1033014625,41CHR09
1032651015,41CHR10
1032867459,41CHR11
1032867461,41CHR12
1032650991,41CHR13
1032636315,41CHR14
1032899698,41CHR15
1032844934,41CHR16
1032635065,41CHR17
1032635265,41CHR18
1032853344,41CHR19
1032889769,41CHR20
1033059398,41CHR21
1032845064,41CHR22
1033192948,41CHR23
1032945931,41CHR24
1032901142,41CHR25
1033063959,41CHR26
1032899691,41CHR27
1032908237,41CHR28
1032890748,41CHR29
1032999166,41CHR30
1032901141,41CHR31
1033131684,41CHR32
1032832025,41CHR33
1033036298,41CHR34
1032893078,41CHR35
1032646096,41CHR36
1033085433,41CHR37
1032804523,41CHR38
1033195980,41CHR39
1032650869,41CHR41
1032651014,41CHR42
1032635374,41CHR43
1032786675,41CHR44
1032739922,41CHR45
1032873711,41CHR47
1032919069,41CHR48
1032635290,41CHR49
1033214147,41CHR50
1032646159,41CHR52
1032999161,41CHR53
1032800656,41CHR54
1033836601,41CHR55
1034325462,41CHR56
1033033286,41CHR58
1032920323,41CHR59
1033014629,41CHR60
1032650964,41CHR61
1032782122,41CHR62
1032890803,41CHR63
1033036304,41CHR64
1032883872,41CHR65
1033033437,41CHR66
1034616394,41CHR67
1033064037,41CHR68
1032911973,41CHR69
1032877038,41CHR70
1032963087,41CHR71
1032899682,41CHR72
1032883933,41CHR73
1032880080,41CHR74
1032962573,41CHR75
1034433425,41CHR76
1033033290,41CHR77
1032853323,41CHR78
1032774609,41CHR79
1032832030,41CHR80
1032657133,41CHR81
1032558088,41CHR82
1032635264,41CHR83
1033220996,41CHR84
1032560100,41CHR85
1032816090,41CHR86
1033131699,41CHR87
1033203491,41CHR88
1032782134,41CHR89
1033113035,41CHR90
1034672326,41CHR94
1032969767,41CHR95
1032911904,41CHR96
1032643248,41CHR97
1032962504,41CHT50
1033835332,41CHT63
1033867445,41CHT69
1032397414,41CHT83
1032759095,41CHV09
1031211896,41CHZ24
1033731122,41CKW75
1033953303,41CKX06
1032288915,41CKX13
1031903860,41CKX36
1033963563,41CKY01
1030936647,41CKY06
1032877216,41CKY17
1030926127,41CKY19
1030996218,41CKY34
1030847679,41CKY44
1033962298,41CKY96
1031808287,41CKZ19
1031905899,41CKZ60
1031873932,41CKZ69
1032914648,41CKZ72
1031780328,41CKZ74
1031823336,41CKZ92
1031874212,41CKZ98
1032258221,41CLA10
1034279355,41CLF34
1032055230,41CLN07
1033667106,41CLN12
1033443023,41CLN22
1032878191,41CLN33
1033890544,41CMA52
1033069479,41CMA66
1033175620,41CMA91
1032388238,41CMA92
1034806806,41CMB89
1031359927,41CMC23
1033970508,41CMD49
1033667326,41CMF33
1033805382,41CMF91
1032510975,41CMG05
1030957378,41CMH66
1033667371,41CMM16
1031100287,41CMM17
1032873724,41CMM18
1032875335,41CMP78
1032876933,41CMP88
1030868684,41CMR02
1031117993,41CMR42
1032873430,41CMR70
1033158344,41CMT18
1033955557,41CMT67
1031178263,41CMT71
1034705812,41CNK34
1031601626,41CNR51
1032845046,41CNT84
1032739296,41CNT86
1032670291,41CNT87
1034627945,41CNT88
1032701993,41CNT89
1032670292,41CNT90
1032675964,41CNT91
1032675983,41CNT92
1032832203,41CNT93
1032670188,41CNT95
1033854123,41CNT97
1032738199,41CNT99
1032697036,41CNV00
1032706823,41CNV01
1032696881,41CNV03
1032697035,41CNV04
1032742172,41CNV05
1032861965,41CNV06
1032675980,41CNV07
1032675012,41CNV08
1032682440,41CNV09
1032861920,41CNV10
1032670259,41CNV11
1032694417,41CNV12
1032832202,41CNV15
1032670140,41CNV16
1032694873,41CNV17
1032706822,41CNV18
1032676141,41CNV20
1033002622,41CNV21
1032682322,41CNV22
1032670149,41CNV23
1033359519,41CNV32
1034352450,41CNV34
1033497682,41CNV49
1033659950,41CNW25
1031309020,41CNW45
1032262406,41CPV88
1032875339,41CPV99
1033258254,41CPW49
1032726307,41CPW61
1032729695,41CPW62
1031780283,41CPX02
1032815555,41CRA31
1034016937,41CRA34
1031529311,41CRA52
1031796453,41CRA89
1033569982,41CTA24
1034488970,41CTB09
1031929166,41CTB21
1031905590,41CTB25
1031910828,41CTB28
1030981496,41CTR41
1033739658,41CTR54
1034352350,41CTR80
1032653253,41CTR87
1030844166,41CTR97
1032520915,41CTR99
1031646676,41CTT32
1033706955,41CTT40
1032420201,41CTT76
1031646864,41CTV15
1033759333,41CTZ23
1032911432,41CVK79
1033693360,41CVK92
1028119262,41CVM71
1033707123,41CVV27
1033952405,41CVV38
1032914782,41CVV92
1031298504,41CWB03
1034280001,41CWB56
1034280303,41CWB66
1031312848,41CWB85
1030957492,41CWC02
1033258245,41CWC07
1033150816,41CWC24
1033860349,41CWC33
1032742083,41CWM76
1031698226,41CWM80
1030866707,41CWM93
1030998620,41CWM94
1033196361,41CWM96
1032220142,41CWN16
1032767848,41CWN31
1032484857,41CWN59
1031347007,41CWN60
1030981497,41CWN63
1031779359,41CWN96
1032250804,41CWP03
1032416598,41CWP20
1034703316,41CWP81
1030980957,41CWP89
1032892750,41CWR03
1034375309,41CWR15
1030863786,41CXG84
1032232070,41CXH47
1032300478,41CXK76
1033119927,41CXK85
1031892432,41CXN43
1033198834,41CYV68
1033198832,41CYV70
1034114665,41CYV74
1033529248,41CYW24
1033220946,41CYW38
1032890152,41CZG03
1032376385,41CZG04
1032278092,41CZG05
1033970215,41CZG07
1033697475,41CZG12
1033893436,41CZG18
1032889787,41CZG24
1033700360,41CZG25
1033706902,41CZG27
1033884994,41CZG36
1032386121,41CZG37
1032393428,41CZG39
1032401061,41CZG46
1033355595,41CZG47
1033978881,41CZG50
1033139414,41CZG54
1033700387,41CZG63
1032894230,41CZG64
1033871244,41CZG66
1034367428,41CZG67
1033691573,41CZG68
1032393429,41CZG76
1033961559,41CZG78
1032400762,41CZG79
1033955405,41CZG81
1033867073,41CZG86
1032358967,41CZG89
1033885228,41CZG91
1032400643,41CZG93
1032365055,41CZG98
1032393307,41CZH05
1033835168,41CZH11
1033955844,41CZH12
1033970097,41CZH13
1033017229,41CZH14
1033139386,41CZH16
1032386670,41CZH19
1033688951,41CZH25
1032528657,41CZH27
1032396892,41CZH28
1033970217,41CZH36
1033706900,41CZH38
1032510494,41CZH40
1033889343,41CZH46
1032291518,41CZH55
1034330166,41CZH64
1032364800,41CZH68
1033731182,41CZH72
1033884960,41CZH75
1034329536,41CZH77
1032889586,41CZH79
1034365900,41CZH83
1033354221,41CZH85
1032376229,41CZH92
1032528960,41CZH95
1033970430,41CZH97
1032353837,41CZK03
1032510221,41CZK21
1033893413,41CZK24
1033961565,41CZK31
1033425587,41CZK36
1034199165,41CZK37
1031902801,41CZK55
1032767445,41CZK57
1032862487,41CZK58
1033426397,41CZK61
1032397575,41CZK67
1033961653,41CZK68
1033872306,41CZK71
1032387083,41CZK74
1030953699,41CZL22
1032393998,41CZL24
1030872440,41CZL71
1032383914,41CZL85
1030958602,41DAC04
1033234525,41DBA50
1030514268,41DBB09
1033698064,41DCD63
1032250808,41DCF53
1031634234,41DCP12
1032384071,41DCV31
1033268507,41DDR27
1033254274,41DDR28
1033272808,41DDR29
1033254279,41DDR30
1033254273,41DDR31
1033251812,41DDR32
1033268679,41DDR33
1033245225,41DDR34
1033237763,41DDR35
1033272515,41DDR36
1033244984,41DDR37
1033299079,41DDR38
1034587381,41DDR39
1033350707,41DDR40
1033255284,41DDR41
1033310569,41DDR42
1033272414,41DDR43
1033303011,41DDR44
1033237670,41DDR45
1033239685,41DDR46
1033316248,41DDR47
1033319446,41DDR48
1033244618,41DDR50
1033254266,41DDR51
1033361933,41DDR52
1033272483,41DDR53
1033292317,41DDR54
1033307151,41DDR55
1033276265,41DDR56
1033365767,41DDR58
1033408075,41DDR59
1033324250,41DDR60
1033316249,41DDR61
1033292310,41DDR62
1033361860,41DDR63
1033292623,41DDR64
1033272814,41DDR65
1033255300,41DDR66
1033289048,41DDR68
1033238300,41DDR69
1033327373,41DDR70
1033273248,41DDR71
1033307100,41DDR72
1033286008,41DDR73
1033275546,41DDR74
1033327369,41DDR75
1033272920,41DDR76
1033275503,41DDR77
1033271377,41DDR78
1033255132,41DDR79
1033341941,41DDR81
1033275466,41DDR82
1033250920,41DDR83
1033310049,41DDR84
1033361867,41DDR85
1033245299,41DDR86
1033307138,41DDR87
1033310105,41DDR88
1033262892,41DDR89
1033254315,41DDR90
1033361934,41DDR92
1033262609,41DDR93
1033319444,41DDR94
1033307412,41DDR95
1034595694,41DDR96
1033394907,41DDR97
1033247848,41DDR98
1033366122,41DDR99
1033251698,41DDT00
1033254278,41DDT01
1033254280,41DDT02
1034195755,41DDT04
1034872447,41DDT05
1034592934,41DDT06
1033268447,41DDT07
1033307868,41DDT08
1033239447,41DDT09
1033255288,41DDT10
1033380179,41DDT11
1033262910,41DDT12
1033336700,41DDT14
1033319362,41DDT15
1033254180,41DDT16
1033254288,41DDT17
1033244963,41DDT18
1033838930,41DDT19
1033268403,41DDT20
1033250919,41DDT22
1033276504,41DDT23
1033250917,41DDT24
1033262598,41DDT25
1033240369,41DDT26
1033262067,41DDT95
1033365560,41DDT96
1033339699,41DDT97
1033295530,41DDT98
1033262062,41DDT99
1033361931,41DDV00
1033268909,41DDV02
1033299143,41DDV03
1033258424,41DDV06
1034759725,41DDV07
1033261996,41DDV08
1033285941,41DDV09
1033261995,41DDV10
1033275375,41DDV11
1033309897,41DDV12
1033365737,41DDV13
1033310626,41DDV15
1033321620,41DDV16
1033361975,41DDV17
1033255429,41DDV18
1033304507,41DDV19
1033309984,41DDV20
1033299137,41DDV21
1033408178,41DDV22
1033409158,41DDV23
1033341870,41DDV24
1033324247,41DDV25
1033324193,41DDV26
1033324195,41DDV27
1034001896,41DDV28
1033307278,41DDV29
1033262105,41DDV30
1033319999,41DDV31
1033295372,41DDV32
1033254768,41DDV33
1033238679,41DDV34
1033316164,41DDV35
1033258194,41DDV36
1033299468,41DDV38
1033412455,41DDV39
1033342028,41DDV40
1033310047,41DDV41
1033350663,41DDV42
1033324209,41DDV43
1033319354,41DDV44
1033309834,41DDV45
1033240466,41DDV46
1033361861,41DDV47
1033255308,41DDV48
1033342055,41DDV49
1033303583,41DDV50
1033292850,41DDV52
1034344839,41DDV54
1033292307,41DDV55
1034627960,41DDV56
1033301768,41DDV57
1033303504,41DDV58
1033244651,41DDV60
1033723572,41DDV61
1033276269,41DDV62
1033240392,41DDV63
1033410634,41DDV65
1033488903,41DDV66
1033244797,41DDV67
1033292633,41DDV68
1033274065,41DDV69
1033348301,41DFB11
1033336919,41DFH48
1033386028,41DFH49
1033372415,41DFH50
1033368522,41DFH51
1033361680,41DFH52
1033348308,41DFH53
1033412456,41DFH54
1033390255,41DFH55
1033372413,41DFH57
1033388600,41DFH58
1033440735,41DFH60
1033454554,41DFH61
1033413345,41DFH62
1033339062,41DFH63
1033371373,41DFH64
1033385989,41DFH65
1033366209,41DFH66
1033481599,41DFH67
1033426738,41DFH68
1033425096,41DFH69
1033425090,41DFH71
1033440864,41DFH72
1033471352,41DFH73
1033344573,41DFH74
1033390554,41DFH75
1033481543,41DFH76
1033481544,41DFH77
1033386076,41DFH78
1033371946,41DFH79
1033336556,41DFH80
1033336576,41DFH81
1033471342,41DFH82
1033468564,41DFH83
1033368330,41DFH84
1033454555,41DFH85
1033371376,41DFH87
1033368491,41DFH88
1033365741,41DFH89
1033372427,41DFH90
1033481600,41DFH91
1033696233,41DFH92
1033368523,41DFH93
1033357057,41DFH94
1033350911,41DFH95
1033371963,41DFH96
1033468538,41DFH97
1033365772,41DFH98
1033341964,41DFH99
1033372391,41DFK00
1033339055,41DFK02
1033350816,41DFK03
1033454550,41DFK04
1033368489,41DFK05
1033441024,41DFK06
1033368490,41DFK07
1033344586,41DFK08
1033481593,41DFK09
1033440754,41DFK10
1033451609,41DFK11
1033348302,41DFK12
1033429160,41DFK13
1033357144,41DFK14
1033429054,41DFK15
1033434677,41DFK16
1034855446,41DFK17
1033544314,41DFK18
1033440784,41DFK19
1033434673,41DFK20
1033646550,41DGF54
1033380399,41DGF55
1033683998,41DGF56
1033380400,41DGF57
1034589114,41DGF58
1033382627,41DGF60
1033405173,41DGF61
1033380302,41DGF62
1033686979,41DGF63
1033382540,41DGF64
1033839442,41DGF65
1033405236,41DGF66
1033397638,41DGF67
1033544184,41DGF70
1033657318,41DGF71
1033379122,41DGF72
1033426582,41DGF73
1033414899,41DGF74
1033414938,41DGF75
1033415029,41DGF76
1033415049,41DGF77
1033414965,41DGF78
1033386618,41DGF79
1033415118,41DGF80
1033382652,41DGF81
1033380452,41DGF82
1033380457,41DGF83
1033412328,41DGF84
1033379129,41DGF86
1033426141,41DGF87
1033412323,41DGF88
1033385991,41DGF89
1033412329,41DGF90
1033414898,41DGF92
1033414992,41DGF93
1033426598,41DGF94
1033412326,41DGF95
1033426157,41DGF96
1033696323,41DGF98
1033607101,41DGF99
1033414901,41DGG00
1033609212,41DGG01
1033666154,41DGG02
1033379132,41DGG03
1033555387,41DGG04
1033457264,41DGG05
1033388437,41DGG06
1033400548,41DGG07
1033666149,41DGG08
1033379119,41DGG09
1033404950,41DGG10
1033380304,41DGG12
1033390420,41DGG13
1033635783,41DGG14
1033396806,41DGG15
1033380464,41DGG16
1033379128,41DGG17
1034486679,41DGG18
1033386016,41DGG19
1033390414,41DGG20
1033390439,41DGG21
1033386554,41DGG22
1033382649,41DGG23
1033555388,41DGG24
1033544185,41DGG26
1033379126,41DGG27
1033386568,41DGG28
1033696852,41DGG29
1033390430,41DGG30
1033437551,41DGG31
1033380401,41DGG32
1033398182,41DGG33
1033388479,41DGG34
1033428976,41DGG36
1033389862,41DGG37
1033437875,41DGG38
1033389843,41DGG39
1033646542,41DGG40
1033555386,41DGG41
1033657265,41DGG42
1033443117,41DGG43
1033388442,41DGG44
1033635805,41DGG45
1033400547,41DGG46
1033454670,41DGG47
1033390615,41DGG48
1034111818,41DGG49
1033659125,41DGG51
1033390395,41DGG52
1033688376,41DGG53
1033434698,41DGN24
1033443113,41DGN25
1033457426,41DGN26
1033738126,41DGN27
1033731013,41DGN28
1033724833,41DGN29
1033482944,41DGN30
1033469251,41DGN32
1033746066,41DGN33
1033608848,41DGN34
1033457258,41DGN35
1033724834,41DGN36
1033443114,41DGN37
1033609162,41DGN38
1033482945,41DGN39
1033743744,41DGN41
1033725112,41DGN43
1033488651,41DGN44
1033434869,41DGN45
1033434736,41DGN46
1033710201,41DGN47
1033700489,41DGN48
1033738083,41DGN49
1033725109,41DGN50
1033693357,41DGN52
1033727946,41DGN53
1033443146,41DGN54
1033608850,41DGN55
1033731010,41DGN56
1033716648,41DGN57
1033428982,41DGN58
1033434801,41DGN59
1033437874,41DGN60
1033670277,41DGN61
1033451579,41DGN62
1033437269,41DGN63
1033454690,41DGN64
1033684032,41DGN65
1033431262,41DGN66
1033452058,41DGN68
1033426566,41DGN69
1033635827,41DGN70
1033670663,41DGN71
1033488653,41DGN72
1033567137,41DGN73
1033872325,41DGN74
1033451503,41DGN75
1033925055,41DGN76
1033437226,41DGN77
1033454688,41DGN78
1033428668,41DGN79
1033454552,41DGN80
1033428981,41DGN82
1033835140,41DGN83
1033454638,41DGN84
1033608781,41DGN85
1033451843,41DGN86
1033429250,41DGN87
1033457259,41DGN88
1033463947,41DGN91
1033457211,41DGN92
1033488904,41DGN93
1033454641,41DGN94
1033442933,41DGN95
1033429082,41DGN96
1033454556,41DGN97
1033468948,41DGN98
1033457262,41DGN99
1033437228,41DGP00
1033457206,41DGP01
1033434700,41DGP03
1033608749,41DGP05
1033426565,41DGP06
1033426195,41DGP07
1033426187,41DGP08
1033451936,41DGP09
1033412856,41DGP10
1033437227,41DGP11
1033426181,41DGP12
1033412653,41DGP13
1033429276,41DGP14
1033412839,41DGP15
1033414902,41DGP16
1033451537,41DGP17
1033412655,41DGP19
1033428990,41DGP20
1033413132,41DGP21
1033437225,41DGP22
1033451542,41DGP23
1030953701,41DKC03
1033774272,41DKG68
1033772019,41DKG69
1033749207,41DKG70
1033771948,41DKG71
1033784272,41DKG72
1033835151,41DKG73
1033749072,41DKG74
1033786048,41DKG75
1033771035,41DKG76
1033777795,41DKG77
1033790920,41DKG78
1033804326,41DKG79
1033786053,41DKG80
1033769366,41DKG81
1033791133,41DKG82
1033777894,41DKG83
1033773336,41DKG84
1033802373,41DKG85
1033789395,41DKG86
1033749071,41DKG87
1033768621,41DKG88
1033784273,41DKG89
1033771765,41DKG90
1033804344,41DKG91
1033835149,41DKG92
1033789772,41DKG93
1033856692,41DKG94
1033790925,41DKG95
1033786084,41DKG96
1033749204,41DKG97
1033691036,41DLA77
1032742090,41DLA86
1030791115,41DLB56
1032364882,41DLB57
1030872926,41DLB69
1030514263,41DLB77
1030791527,41DLM36
1030795343,41DLM86
1034412970,41F0171
1034410480,41F0172
1034412987,41F0173
1034730082,41F0174
1033816250,41frucd
1033670401,41VPDER
1032318609,4CE150CX20
1034479020,4LZ0V34
1032055670,5CD144D3CZ
1032782192,5CD215836C
1032788478,5CD215836T
1032773927,5CD2158371
1033603004,5CD3146VZX
1033666855,5CD322F9ZV
1031443827,5CD6075J0P
1031110889,5CD6096MBP
1031092242,5CD6166JJ4
1033285991,5CD64661G5
1032957633,5CD6496M3F
1032694274,5CD70613VQ
1031446614,5CD70613Y9
1032718809,5CD7330VDJ
1032435957,5CD7330VDQ
1030892504,5CD7330VK0
1032803850,5CD7330VKB
1032549777,5CD8416CNW
1033093367,5CD8487H7C
1032962537,5CG21351Z9
1032646221,5CG21351ZC
1032594138,5CG8357MKM
1034416933,7Y0NJ34
1030974958,8CC0501CX9
1031691162,8CC11123GL
1032458715,8CC1502RN2
1033122326,8CC9434DH1
1033731213,8CN3340J63
1033922485,8CN3340J67
1033804400,8CN3340J6B
1033804487,8CN3340J6F
1033752569,8CN3340JG7
1033801486,8CN3340JG8
1033741036,8CN3340JG9
1033730801,8CN3340JGB
1033804644,8CN3340JGC
1033759957,8CN3340JGD
1033804649,8CN3340JGF
1033849248,8CN3340JGG
1033747255,8CN3340JGH
1033922570,8CN3340JGJ
1033775816,8CN3340JGK
1033860345,8CN3340JGL
1033801810,8CN3340JGM
1033756135,8CN3340JGN
1033783512,8CN3340JGP
1033752625,8CN3340JGQ
1033743492,8CN3340JGR
1033757430,8CN3340JGS
1033816453,8CN3340JGT
1033783522,8CN3340JGV
1033783460,8CN3340JGW
1033733550,8CN3340JGX
1033804691,8CN3340JGY
1034316676,8CN3340JGZ
1033740752,8CN3340JH0
1033755601,8CN3340JH1
1033805165,8CN3340JH2
1033909319,8CN3340JH3
1033904427,8CN3340JH4
1033804094,8CN3340JH5
1033805170,8CN3340JH6
1033805532,8CN3340JH7
1033771862,8CN3340JH9
1033816359,8CN3340JHB
1033741018,8CN3340JHC
1033774427,8CN3340JHD
1033756196,8CN3340JHF
1033740740,8CN3340JHG
1033740099,8CN3340JHH
1033804502,8CN3340JHK
1033731218,8CN3340JHN
1033801484,8CN3340JHQ
1033775815,8CN3340JHS
1033771822,8CN3340JHV
1033804197,8CN3340JHX
1033801492,8CN3340JHZ
1033842580,8CN3340JJ2
1033772223,8CN3340JJ4
1033752603,8CN3340JJ6
1033783464,8CN3340JJB
1033752596,8CN3340JJD
1033801460,8CN3340JJG
1033728586,8CN3340JJJ
1033724995,8CN3340JJM
1033817183,8CN3340JJP
1033804140,8CN3340JJT
1033727907,8CN3340JJW
1033804143,8CN3340JJZ
1033774428,8CN3340JK1
1034486873,8CN3340JK4
1033771908,8CN3340JK7
1033783526,8CN3340JKB
1033733759,8CN3340JKD
1033743750,8CN3340JKH
1033743564,8CN3340JKK
1033733584,8CN3340JKN
1033759403,8CN3340JKR
1033731232,8CN3340JKT
1033784193,8CN3340JKX
1033755806,8CN3340JKZ
1033756204,8CN3340JL3
1033724819,8CN3340JL7
1033783544,8CN3340JL9
1033783462,8CN3340JLD
1033783881,8CN3340JLG
1034574006,8CN3340JLJ
1033804134,8CN3340JLM
1033756200,8CN3340JLS
1033746434,8CN3340JLV
1033728642,8CN3340JM1
1033771847,8CN3340JM4
1033733549,8CN3340JM7
1033755652,8CN3340JMG
1033778900,8CN3340JMJ
1033796186,8CN3340JMN
1033752597,8CN3340JMR
1033756192,8CN3340JMT
1033804114,8CN3340JMW
1033759395,8CN3340JMY
1033801642,8CN3340JN0
1033728634,8CN3340JN3
1033746444,8CN3340JN4
1033749003,8CN3340JND
1033816319,8CN3340JNG
1033747198,8CN3340JNH
1033731319,8CN3340JNN
1033724978,8CN3340JNP
1033746231,8CN3340JPB
1033752602,8CN3340JPD
1033747191,8CN3340JPK
1033804388,8CN3340JQ6
1033801512,8CN3340JQ7
1033755638,8CN3340JQC
1033746219,8CN3340JQG
1033906738,8CN3340JQN
1033783455,8CN3340JQR
1033804093,8CN3340JQW
1033783865,8CN3340JQZ
1033748964,8CN3340JR3
1033867838,8CN3340JR8
1033748998,8CN3340JRD
1033746372,8CN3340JRH
1033756136,8CN3340JRL
1033801485,8CN3340JRV
1033733899,8CN3340JS0
1033774904,8CN3340JS3
1033728823,8CN3340JS6
1033863096,8CN3340JSC
1033780496,8CN3340JSF
1033771780,8CN3340JST
1033804331,8CN3340JSX
1033805360,8CN3340JT0
1033774979,8CN3340JT2
1033804345,8CN3340JT5
1033752690,8CN3340JT8
1033747235,8CN3340JTD
1033772395,8CN3340JTH
1033755595,8CN3340JTM
1033777408,8CN3340JTP
1033752574,8CN3340JTS
1033774919,8CN3340JTX
1033749190,8CN3340JV5
1033759394,8CN3340JV8
1033805168,8CN3340JVD
1033756201,8CN3340JVH
1033749144,8CN3340JVL
1033805385,8CN3340JVS
1033727778,8CN3340JVX
1033747151,8CN3340JW0
1033747150,8CN3340JW3
1033748946,8CN3340JW6
1033780309,8CN3340JW9
1033749158,8CN3340JWL
1033747194,8CN3340JWP
1033772144,8CN3340JWR
1033746205,8CN3340JWV
1033746443,8CN3340JWZ
1033746508,8CN3340JX2
1033746285,8CN3340JX5
1033746437,8CN3340JX8
1033759602,8CN3340JXD
1033771770,8CN3340JXK
1033759579,8CN3340JXM
1033863406,8CN3340JXS
1033759868,8CN3340JXW
1033772193,8CN3340JXZ
1033759391,8CN3340JY3
1033771856,8CN3340JY7
1033771739,8CN3340JYB
1033759542,8CN3340LQ4
1033774991,8CN3340P0S
1033728581,8CN3340P0W
1033775848,8CN3340P0Z
1033733692,8CN3340P11
1033775800,8CN3340P14
1033733610,8CN3340P16
1033746235,8CN3340P1B
1033775101,8CN3340P1G
1033740751,8CN3340P1J
1033774971,8CN3340P1N
1033774972,8CN3340P1R
1033867188,8CN3340P1T
1033740732,8CN3340P1Z
1033772598,8CN3340P21
1033755037,8CN3340P23
1033731720,8CN3340P26
1033739656,8CN3340P28
1033775798,8CN3340P2D
1033731332,8CN3340P2H
1033772594,8CN3340P2K
1033774965,8CN3340P2N
1033805355,8CN3340P2S
1033743491,8CN3340P2V
1033922491,8CN3340P2Y
1033759404,8CN3340S54
1033759695,8CN3340S5D
1033839008,8CN3340S5M
1033810497,8CN3340S5R
1033864544,8CN3340S5Y
1033746217,8CN3340S62
1033740137,8CN3340S6J
1033801524,8CN3340S6N
1033775880,8CN3340S6T
1033739678,8CN3340S6Z
1033780335,8CN3340S73
1033746453,8CN3340S76
1034582814,8CN3340S7C
1033903780,8CN3340S7M
1033739697,8CN3340S80
1033779014,8CN3340S83
1033939661,8CN3340S87
1033727414,8CN3340S8B
1033780325,8CN3340S8F
1033863553,8CN3340S8N
1033801415,8CN3340S8Q
1033835141,8CN3340S8S
1034005645,8CN3340S8W
1033772439,8CN3340S91
1033775796,8CN3340S95
1033777847,8CN3340S97
1033778901,8CN3340S99
1033902264,8CN3340S9F
1033905479,8CN3340S9H
1033810278,8CN3340S9K
1034022891,8CN3340S9M
1033743734,8CN3340S9Q
1034408322,8CN3340S9S
1033723867,8CN3340S9V
1034815835,8CN3340S9X
1034342402,8CN3340S9Z
1033728929,8CN3340SB2
1033733593,8CN3340SB4
1033780485,8CN3350004
1033724996,8CN335000L
1033731208,8CN3350013
1033835865,8CN335001G
1033804445,8CN335001W
1033743732,8CN3350024
1033775862,8CN335002G
1033780573,8CN335002N
1033780421,8CN335002T
1033780420,8CN3350030
1033780589,8CN3350034
1034812539,8CN335003G
1033857824,8CN335003T
1033731386,8CN3350044
1034716690,8CN3350049
1033780327,8CN335004D
1033780281,8CN335004L
1033743747,8CN335004P
1033780319,8CN335004T
1033839502,8CN335004Y
1033812452,8CN3350053
1033801494,8CN335005D
1033739694,8CN33500DN
1033743752,8CN33500DV
1033805361,8CN33500DY
1033743546,8CN33500F3
1033857829,8CN33500FF
1034022901,8CN33500FJ
1033733720,8CN33500FN
1033780396,8CN33500FQ
1034051074,8CN33500G1
1033739692,8CN33500G5
1033809872,8CN33500G9
1033807268,8CN33500GD
1033899965,8CN3360GLW
1033982157,8CN3360GLX
1033820878,8CN3360GLY
1033982913,8CN3360GNR
1033804488,8CN3360GNW
1034289647,8CN3360GP0
1033961713,8CN3360GP3
1033849251,8CN3360GP6
1033849252,8CN3360GP7
1033982097,8CN3360GP9
1033961712,8CN3360GPB
1033943360,8CN3360GPC
1033982155,8CN3360GPD
1033812525,8CN3360GPF
1033982086,8CN3360GPG
1033982093,8CN3360GPH
1033843115,8CN3360GPJ
1033938270,8CN3360GPK
1033839476,8CN3360GPL
1033982156,8CN3360GPM
1033961583,8CN3360GPN
1033967034,8CN3360GPP
1033829409,8CN3360GPQ
1033839503,8CN3360GPR
1034005360,8CN3360GPS
1033938269,8CN3360GPT
1033812529,8CN3360GPW
1033938263,8CN3360GPX
1033804636,8CN3360GPY
1033982050,8CN3360GQ0
1033843239,8CN3360GQ2
1034011294,8CN3360GQ3
1033961720,8CN3360GQ5
1033827354,8CN3360GQ8
1033856268,8CN3360GQC
1033843114,8CN3360GQG
1033826927,8CN3360GQL
1034023020,8CN3360GQP
1033982914,8CN3360GQS
1033982091,8CN3360GQW
1033826859,8CN3360GQX
1033967043,8CN3360GQY
1033827115,8CN3360GQZ
1033982910,8CN3360GR0
1034009091,8CN3360GR4
1033849250,8CN3360GR8
1034019872,8CN3360GRB
1034005361,8CN3360GRJ
1033856277,8CN3360GRM
1033919779,8CN33904JV
1033863572,8CN33904K3
1033946850,8CN33904K9
1033925906,8CN33904KD
1033863569,8CN33904KP
1033868423,8CN33904KR
1033922457,8CN33904KW
1033860541,8CN33904L0
1034088969,8CN33904L3
1033922358,8CN33904L6
1033863573,8CN33904L9
1033863562,8CN33904LD
1033860383,8CN33904LW
1033931886,8CN33904LY
1033871157,8CN33904M1
1033899777,8CN33904M4
1033925521,8CN33904M9
1033902555,8CN33904MB
1033931887,8CN33904MH
1033925896,8CN33904MK
1033883048,8CN33904MN
1033961580,8CN33904MR
1033863567,8CN33904MV
1034293301,8CN34703F6
1034296273,8CN34703F7
1034717161,8CN34703F8
1034293068,8CN34703F9
1034004990,8CN34703FB
1034296466,8CN34703FC
1034309788,8CN34703FD
1034296699,8CN34703FG
1034319805,8CN34703FH
1034309789,8CN34703FJ
1034293070,8CN34703FK
1034316607,8CN34703FL
1034312970,8CN34703FM
1034325518,8CN34703FN
1034289253,8CN34703FQ
1033958325,8CN34703FR
1034293310,8CN34703FS
1034290142,8CN34703FT
1034365711,8CN34703FV
1034293065,8CN34703FW
1034316632,8CN34703FX
1034058713,8CN34703FZ
1033958293,8CN34703G0
1034296274,8CN34703G1
1034316680,8CN34703G2
1034291835,8CN34703G3
1034215141,8CN34703G4
1034149889,8CN34703G5
1034316698,8CN34703G6
1034316631,8CN34703G8
1034289810,8CN34703G9
1034058686,8CN34703GB
1034310239,8CN34703GC
1034005149,8CN34703GF
1034089653,8CN34703GG
1034005049,8CN34703GH
1034325519,8CN34703GK
1034293067,8CN34703GL
1034683772,8CN34703GN
1034197869,8CN34703GQ
1034365525,8CN34703GS
1034582822,8CN34900BX
1034471370,8CN34900BY
1034419580,8CN34900BZ
1034286065,8CN34900C0
1034096701,8CN34900C1
1034349901,8CN34900C2
1034342259,8CN34900C3
1034312951,8CN34900C4
1034346828,8CN34900C5
1034349905,8CN34900C7
1034417715,8CN34900C8
1034329540,8CN34900C9
1034342972,8CN34900CB
1034489248,8CN34900CC
1034460185,8CN34900CD
1034329502,8CN34900CF
1034342258,8CN34900CG
1034342937,8CN34900CH
1034057781,8CN34900CJ
1034202752,8CN34900CK
1034191443,8CN34900CL
1034444771,8CN34900CM
1034342958,8CN34900CN
1034096686,8CN34900CP
1034358839,8CN34900CQ
1034489111,8CN34900CR
1034082508,8CN34900CS
1034471341,8CN34900CT
1034689544,8CN34900CV
1034589210,8CN34900CW
1034342974,8CN34900CX
1034163601,8CN34900CY
1034466082,8CN34900CZ
1034583333,8CN34900D0
1034460188,8CN34900D3
1034471342,8CN34900D4
1034586473,8CN34900D5
1034468844,8CN34900D6
1034202749,8CN34900D7
1034471371,8CN34900D8
1034460186,8CN34900D9
1034172181,8CN34900DB
1034359793,8CN34900DC
1034599248,8CN34900DD
1034191484,8CN34900DF
1034417456,8CN34900DG
1034339128,8CN34900DH
1034424612,8CN34900DJ
1034583316,8CN34900DK
1034586458,8CN34900DM
1034096742,8CN34900DN
1034471432,8CN34900DP
1034084917,8CN34900DR
1034595346,8CN34900DS
1034149901,8CN34900DT
1034149813,8CN34900DZ
1034460233,8CN34900F0
1034084866,8CN34900F1
1034150436,8CN34900F2
1034129649,8CN34900F3
1034271803,8CN349010T
1034079217,8CN349010X
1034178833,8CN3490111
1034595369,8CN3490116
1034136330,8CN349011H
1034096808,8CN349011T
1034129119,8CN3490121
1034178819,8CN349012C
1034589479,8CN349012J
1034079391,8CN349012P
1034595341,8CN349012V
1034786524,8CN349012Z
1034172182,8CN3490136
1034860890,8CN349013F
1034804058,8CN349013M
1034593125,8CN3490145
1034593123,8CN349014B
1034591840,8CN349014S
1034203242,8CN3490157
1034598683,8CN349015G
1034191411,8CN349015T
1034818015,8CN3490166
1034172379,8CN3490171
1034282077,8CN402066D
1034203435,8CN402066F
1034255918,8CN402066G
1034209390,8CN402066H
1034271805,8CN402066K
1034202734,8CN402066L
1034238455,8CN402066M
1034589873,8CN402066N
1034285972,8CN402066P
1034219387,8CN402066Q
1034233839,8CN402066R
1034254787,8CN402066S
1034271748,8CN402066T
1034209355,8CN402066V
1034784276,8CN402066W
1034219620,8CN402066Y
1034587596,8CN402066Z
1034689595,8CN4020670
1034286062,8CN4020671
1034577676,8CN4020672
1034255123,8CN4020673
1034359044,8CN4020674
1034278968,8CN4020675
1034219519,8CN4020676
1034254898,8CN4020677
1034271915,8CN4020678
1034715106,8CN4020679
1034205238,8CN402067B
1034285927,8CN402067C
1034202750,8CN402067D
1034226042,8CN402067F
1034202788,8CN402067G
1034332655,8CN402067H
1034231087,8CN402067J
1034254753,8CN402067K
1034254897,8CN402067L
1034254318,8CN402067M
1034219219,8CN402067N
1034487137,8CN402067P
1034270253,8CN402067Q
1034209317,8CN402067R
1034202644,8CN402067S
1034254733,8CN402067T
1034238881,8CN402067V
1034219674,8CN402067W
1034219450,8CN402067Y
1034219506,8CN402067Z
1034587918,8CN4020680
1034238804,8CN4020681
1034271934,8CN4020682
1034254339,8CN4020683
1034254381,8CN4020684
1034202782,8CN4020685
1034219354,8CN4020686
1034254700,8CN4020687
1034254902,8CN4020688
1034219746,8CN4020689
1034219388,8CN402068B
1034209265,8CN402068L
1034785026,8CN402068P
1034586371,8CN402068R
1034238907,8CN4020691
1034219192,8CN4020694
1034589502,8CN4020698
1034219635,8CN402069D
1034689680,8CN402069J
1034219449,8CN402069L
1034271749,8CN402069P
1034585912,8CN402069S
1034254178,8CN402069T
1034360117,8CN402069X
1034238524,8CN402069Z
1034238582,8CN40206B0
1034238994,8CN40206B3
1034358915,8CN40206B8
1034238509,8CN40206BF
1034219564,8CN40206CP
1034784897,8CN40206CX
1034373219,8CN40206D0
1034254174,8CN40206D2
1034238514,8CN40206D5
1034578974,8CN40206D7
1034254168,8CN40206D9
1034254209,8CN40206DF
1034271955,8CN40206DG
1034255004,8CN40206DK
1034254059,8CN40206DN
1034202646,8CN40206DQ
1034784326,8CN40206DS
1034590283,8CN40206DV
1034857770,8CN4080BW8
1034444748,8CN41403SQ
1034448930,8CN41403SW
1034457097,8CN41403T2
1034444966,8CN41403T6
1034363159,8CN41403TC
1034445129,8CN41403TT
1034465777,8CN41403TZ
1034466276,8CN41403VK
1034408246,8CN41403VR
1034342773,8CN41403VZ
1034395684,8CN41403W5
1034471250,8CN41403WK
1034445814,8CN41403WN
1034449045,8CN41403WX
1034449052,8CN41403X4
1034378254,8CN41403XD
1034445964,8CN41403XV
1034457136,8CN41403YC
1034457094,8CN41403YQ
1034444744,8CN41403YT
1034345966,8CN41403Z0
1034402121,8CN41403ZN
1034796673,8CN41403ZV
1034448921,8CN4140409
1034445535,8CN414040R
1034606926,8CN414040Y
1034457135,8CN4140417
1034444967,8CN414041H
1034606910,8CN414041S
1034457098,8CN4140424
1034448129,8CN414042B
1034444970,8CN414042G
1034796329,8CN4140430
1034448144,8CN4140436
1034449048,8CN414043M
1034700648,8CN414046B
1034564310,8CN414046G
1034393171,8CN414046K
1034392426,8CN414046P
1034430453,8CN414046S
1034430391,8CN414046W
1034393174,8CN4140471
1034445075,8CN4140473
1034352530,8CN4140478
1034365755,8CN414047C
1034430402,8CN414047F
1034617540,8CN414047J
1034352533,8CN41404M2
1034598767,8CN41404M3
1034375760,8CN41404M6
1034375408,8CN41404M7
1034378137,8CN41404M8
1034372825,8CN41404M9
1034365754,8CN41404MC
1034372842,8CN41404MD
1034375764,8CN41404MF
1034783839,8CN41404MG
1034393173,8CN41404MH
1034782927,8CN41404MJ
1034392428,8CN41404MK
1034598768,8CN41404ML
1034333007,8CN41404MN
1034392425,8CN41404MP
1034365753,8CN41404MQ
1034352539,8CN41404MS
1034375412,8CN41404MV
1034734336,8CN41404MW
1034375758,8CN41404MX
1034395637,8CN41404MY
1034375405,8CN41404MZ
1034363126,8CN41404N0
1034448288,8CN41404N3
1034362624,8CN41404N4
1034362633,8CN41404N5
1034564309,8CN41404N7
1034408250,8CN41404N8
1034356306,8CN41404N9
1034333179,8CN41404NB
1034408415,8CN41404NC
1034362637,8CN41404ND
1034417624,8CN41404NF
1034444704,8CN41404NG
1034356755,8CN41404NH
1034408209,8CN41404NJ
1034410850,8CN41404NL
1034363145,8CN41404NM
1034408231,8CN41404NN
1034563709,8CN41404NR
1034564303,8CN41404NS
1034372784,8CN41404NT
1034362625,8CN41404NV
1034417869,8CN41404NW
1034759732,8CN41404NX
1034586295,8CN41404NZ
1034363121,8CN41404P0
1034759708,8CN41404P1
1034620560,8CN41404P2
1034620422,8CN41404P3
1034491349,8CN41404P4
1034352510,8CN41404P5
1034363116,8CN41404P8
1034363127,8CN41404P9
1034796664,8CN41404PB
1034329486,8CN41404PC
1034491330,8CN41404PD
1034410817,8CN41404PF
1034357154,8CN41404PG
1034877258,8CN41404PJ
1034448186,8CN41404PK
1034352545,8CN41404PL
1034333002,8CN41404PM
1034427247,8CN41404PN
1034408388,8CN41404PP
1034378323,8CN41404PR
1034356304,8CN41404PS
1034491352,8CN41404PW
1034378306,8CN41404PX
1034352540,8CN41404PY
1034759825,8CN41404PZ
1034378310,8CN41404Q1
1034408258,8CN41404Q2
1034408315,8CN41404Q4
1034356784,8CN41404Q5
1034356757,8CN41404Q7
1034451271,8CN41404Q8
1034363128,8CN41404Q9
1034700656,8CN41404QB
1034352547,8CN41404QC
1034445822,8CN41404QD
1034877715,8CN41404QG
1034419606,8CN41404QH
1034345387,8CN41404QJ
1034350234,8CN41404QK
1034333180,8CN41404QL
1034417460,8CN41404QM
1034408247,8CN41404QN
1034333008,8CN41404QP
1034352574,8CN41404QQ
1034352585,8CN41404QR
1034325607,8CN41404QS
1034342780,8CN41404QT
1034430393,8CN41404QV
1034408238,8CN41404QW
1034408368,8CN41404QX
1034430395,8CN41404QY
1034329485,8CN41404QZ
1034372772,8CN41404R0
1034329926,8CN41404R1
1034408260,8CN41404R2
1034417461,8CN41404R3
1034365907,8CN41404R4
1034325520,8CN41404R5
1034332719,8CN41404R6
1034783886,8CN41404R7
1034471313,8CN41404R8
1034346010,8CN41404R9
1034352507,8CN41404RB
1034395683,8CN41404RC
1034430387,8CN41404RD
1034430394,8CN41404RF
1034454129,8CN41404RG
1034350196,8CN41404RH
1034332682,8CN41404RL
1034606829,8CN43202V8
1034628185,8CN43202V9
1034601082,8CN43202VB
1034637175,8CN43204RJ
1034586491,8CN43204RK
1034563693,8CN43204RL
1034628246,8CN43204RM
1034696707,8CN43204RN
1034569399,8CN43204RQ
1034635067,8CN43204RR
1034601104,8CN43204RS
1034628188,8CN43204RV
1034628189,8CN43204RW
1034628175,8CN43204RX
1034640228,8CN43204RZ
1034628173,8CN43204S0
1034621039,8CN43204S1
1034584150,8CN43204S2
1034642096,8CN43204S3
1034642088,8CN43204S6
1034648625,8CN43204S8
1034562277,8CN43204S9
1034634740,8CN43204SD
1034605427,8CN43204SG
1034574445,8CN43204SJ
1034569546,8CN43204SL
1034648714,8CN43204SP
1034574855,8CN43204SR
1034620617,8CN43204T1
1034680372,8CN43204T3
1034620618,8CN43204T5
1034648776,8CN43204T8
1034562144,8CN43204TB
1034570580,8CN43204TC
1034617433,8CN43204TD
1034648718,8CN43204TG
1034648715,8CN43204TJ
1034697322,8CN43204TL
1034628183,8CN43204TQ
1034601099,8CN43204TV
1034604094,8CN43204TX
1034569336,8CN43204TZ
1034569323,8CN43204V2
1034636993,8CN43204V4
1034628201,8CN43204V7
1034628200,8CN43204V9
1034634666,8CN43204VC
1034628264,8CN43204VF
1034628259,8CN43204VH
1034635090,8CN43204VK
1034671065,8CN43204VL
1034620609,8CN43204VN
1034620605,8CN43204VQ
1034695908,8CN43204VS
1034600527,8CN43204VX
1034648655,8CN43204W4
1034570752,8CN43204W7
1034637214,8CN43204W9
1034648535,8CN43204WD
1034648627,8CN43204WG
1034642126,8CN43204WH
1034628176,8CN43204WL
1034687840,8CN43204WQ
1034640230,8CN43204WS
1034690448,8CN43204WV
1034701254,8CN43204WY
1034670813,8CN43204X1
1034628053,8CN43204X3
1034701979,8CN43204X6
1034585709,8CN43204XB
1034680385,8CN43204XD
1034620620,8CN43204XM
1034617429,8CN43204XQ
1034680257,8CN43204XS
1034648727,8CN43204XV
1034665677,8CN43204XX
1034559887,8CN43204Y1
1034680395,8CN43204Y2
1034648497,8CN43204Y4
1034600099,8CN43204Y6
1034695963,8CN43204Y9
1034691678,8CN43204YC
1034696389,8CN43204YK
1034640214,8CN43204YM
1034680276,8CN43204YS
1034586212,8CN43204YY
1034680398,8CN43204Z1
1034696740,8CN43204Z2
1034634602,8CN43204Z5
1034569322,8CN43204Z9
1034667947,8CN43204ZK
1034569494,8CN43204ZN
1034690425,8CN43204ZR
1034620612,8CN43204ZZ
1034628254,8CN4320504
1034697956,8CN4320506
1034680255,8CN432050G
1034635001,8CN432050H
1034665568,8CN432050N
1034562407,8CN432050R
1034648451,8CN4320510
1034559997,8CN4320513
1034600471,8CN4320515
1034562145,8CN4320518
1034635063,8CN432051C
1034697831,8CN432051G
1034666170,8CN432051K
1034680253,8CN432051Q
1034574800,8CN432051W
1034628179,8CN432051Z
1034690596,8CN4320521
1034714683,8CN4320523
1034668599,8CN4320526
1034680396,8CN4320528
1034659898,8CN432052G
1034634665,8CN432052J
1034690447,8CN432052L
1034562397,8CN432052Q
1034668541,8CN432052S
1034648639,8CN432052Z
1034648478,8CN4320534
1034854773,8CN4320538
1034665490,8CN432053B
1034742537,8CN4430B03
1034769440,8CN44401PG
1034817402,8CN4450HQ5
1034740538,8CN4450HQF
1034775434,8CN4450HQH
1034774015,8CN4450HQJ
1034795934,8CN4450HQK
1034817338,8CN4450HQM
1034774475,8CN4450HQP
1034795896,8CN4450HQS
1034841669,8CN4450J0J
1034774021,8CN4450J0Y
1034775279,8CN4450J12
1034796045,8CN4450J16
1034812829,8CN4450J17
1034818080,8CN4450J1C
1034775448,8CN4450J1F
1034814274,8CN4450J1J
1034775522,8CN4450J1N
1034851688,8CN4450J29
1034775526,8CN4450J2C
1034848215,8CN4450J2F
1034814003,8CN4450J2H
1034775474,8CN4450J2K
1034814005,8CN4450J2W
1034775458,8CN4450J31
1034796039,8CN4450J33
1034814198,8CN4450J34
1034796063,8CN4450J37
1034814231,8CN4450J39
1034812837,8CN4450J3B
1034814213,8CN4450J3C
1034775278,8CN4450J3D
1034817197,8CN4450J3K
1034774544,8CN4450J3L
1034740540,8CN4450J3M
1034795880,8CN4450J3Q
1031898233,8LXWBB2
1031805868,8MCP282
1033807155,8R49Q93
1031960728,BQ1PB42
1031006081,CZC73387PW
1032049739,CZC73387RG
1034476837,JLZ0V34
1033881479,MAN0CV120239419
1032874959,MP1FZQV2
1032946831,MP24M6CL
1032867654,PF0SEGFR
1031178487,PF103LJM
1030959023,PF2JZ8QN
1033178844,PF47NZ06
1033985802,PF47PMFP
1033826990,PF47Q7Q4
1033845864,PF47QEBV
1033563731,PF47QK26
1033312847,PF47RFP1
1033348278,PF47RFQ0
1033900035,PF47RN7D
1033166138,PF47TGN1
1033471890,PF47TXNT
1034172133,PF4SRX6E
1034162974,PF4SRZD3
1034191416,PF4SRZED
1034191334,PF4SRZEV
1034191132,PF4SS1QJ
1034432998,PF4Y93WY
1034339135,PF4YS9YP
1031831959,R911LWAP
1033981976,YL00BAPC
1033801766,YL00BAZK
